mach,reynolds_number_millions,beta_deg,yawing_moment_coefficient_cg,yawing_moment_coefficient_apex_recentered,side_force_coefficient_symmetry,source_alpha_deg,source_pitching_moment_coefficient_apex,source_normal_force_coefficient,source_cm_apex_zero,source_cn_zero,normal_force_basis,figure_group,facility
0.4,1.078,-90,-0.086994,-0.2546,0.24468,90,-0.2432,0.29787,0.0114,0.05319,source_point,Figure 4,Ames 2x2-foot TWT
0.4,1.078,-85,-0.076794,-0.2444,0.24468,85,-0.233,0.29787,0.0114,0.05319,source_point,Figure 4,Ames 2x2-foot TWT
0.4,1.078,-80,-0.110218,-0.2341,0.18085,80,-0.2227,0.23404,0.0114,0.05319,source_point,Figure 4,Ames 2x2-foot TWT
0.4,1.078,-75,-0.152021,-0.1921,0.05851,75,-0.1807,0.1117,0.0114,0.05319,source_point,Figure 4,Ames 2x2-foot TWT
0.4,1.078,-70,-0.117209,-0.15,0.04787,70,-0.1386,0.10106,0.0114,0.05319,source_point,Figure 4,Ames 2x2-foot TWT
0.4,1.078,-65,0.123518,-0.1534,0.40426,65,-0.142,0.45745,0.0114,0.05319,source_point,Figure 4,Ames 2x2-foot TWT
0.4,1.078,-60,0.138232,-0.1569,0.43085,60,-0.1455,0.48404,0.0114,0.05319,source_point,Figure 4,Ames 2x2-foot TWT
0.4,1.078,-55,0.111032,-0.1841,0.43085,55,-0.1727,0.48404,0.0114,0.05319,source_point,Figure 4,Ames 2x2-foot TWT
0.4,1.078,-50,0.083732,-0.2114,0.43085,50,-0.2,0.48404,0.0114,0.05319,source_point,Figure 4,Ames 2x2-foot TWT
0.4,1.078,-45,0.048662,-0.2319,0.40958,45,-0.2205,0.46277,0.0114,0.05319,source_point,Figure 4,Ames 2x2-foot TWT
0.4,1.078,-40,0.013686,-0.2523,0.3883,40,-0.2409,0.44149,0.0114,0.05319,source_point,Figure 4,Ames 2x2-foot TWT
0.4,1.078,-35,-0.020917,-0.2614,0.35107,35,-0.25,0.40426,0.0114,0.05319,source_point,Figure 4,Ames 2x2-foot TWT
0.4,1.078,-30,-0.051882,-0.2705,0.31915,30,-0.2591,0.37234,0.0114,0.05319,source_point,Figure 4,Ames 2x2-foot TWT
0.4,1.078,-25,-0.056029,-0.2455,0.2766,25,-0.2341,0.32979,0.0114,0.05319,source_point,Figure 4,Ames 2x2-foot TWT
0.4,1.078,-20,-0.063827,-0.2205,0.22872,20,-0.2091,0.28191,0.0114,0.05319,source_point,Figure 4,Ames 2x2-foot TWT
0.4,1.078,-15,-0.038374,-0.1659,0.18617,15,-0.1545,0.23936,0.0114,0.05319,source_point,Figure 4,Ames 2x2-foot TWT
0.4,1.078,-10,-0.027597,-0.1114,0.12234,10,-0.1,0.17553,0.0114,0.05319,source_point,Figure 4,Ames 2x2-foot TWT
0.4,1.078,-5,-0.008332,-0.0557,0.06915,5,-0.0443,0.12234,0.0114,0.05319,source_point,Figure 4,Ames 2x2-foot TWT
0.4,1.078,0,0,0,0,0,0.0114,0.05319,0.0114,0.05319,source_point,Figure 4,Ames 2x2-foot TWT
0.4,1.078,5,0.008332,0.0557,-0.06915,5,-0.0443,0.12234,0.0114,0.05319,source_point,Figure 4,Ames 2x2-foot TWT
0.4,1.078,10,0.027597,0.1114,-0.12234,10,-0.1,0.17553,0.0114,0.05319,source_point,Figure 4,Ames 2x2-foot TWT
0.4,1.078,15,0.038374,0.1659,-0.18617,15,-0.1545,0.23936,0.0114,0.05319,source_point,Figure 4,Ames 2x2-foot TWT
0.4,1.078,20,0.063827,0.2205,-0.22872,20,-0.2091,0.28191,0.0114,0.05319,source_point,Figure 4,Ames 2x2-foot TWT
0.4,1.078,25,0.056029,0.2455,-0.2766,25,-0.2341,0.32979,0.0114,0.05319,source_point,Figure 4,Ames 2x2-foot TWT
0.4,1.078,30,0.051882,0.2705,-0.31915,30,-0.2591,0.37234,0.0114,0.05319,source_point,Figure 4,Ames 2x2-foot TWT
0.4,1.078,35,0.020917,0.2614,-0.35107,35,-0.25,0.40426,0.0114,0.05319,source_point,Figure 4,Ames 2x2-foot TWT
0.4,1.078,40,-0.013686,0.2523,-0.3883,40,-0.2409,0.44149,0.0114,0.05319,source_point,Figure 4,Ames 2x2-foot TWT
0.4,1.078,45,-0.048662,0.2319,-0.40958,45,-0.2205,0.46277,0.0114,0.05319,source_point,Figure 4,Ames 2x2-foot TWT
0.4,1.078,50,-0.083732,0.2114,-0.43085,50,-0.2,0.48404,0.0114,0.05319,source_point,Figure 4,Ames 2x2-foot TWT
0.4,1.078,55,-0.111032,0.1841,-0.43085,55,-0.1727,0.48404,0.0114,0.05319,source_point,Figure 4,Ames 2x2-foot TWT
0.4,1.078,60,-0.138232,0.1569,-0.43085,60,-0.1455,0.48404,0.0114,0.05319,source_point,Figure 4,Ames 2x2-foot TWT
0.4,1.078,65,-0.123518,0.1534,-0.40426,65,-0.142,0.45745,0.0114,0.05319,source_point,Figure 4,Ames 2x2-foot TWT
0.4,1.078,70,0.117209,0.15,-0.04787,70,-0.1386,0.10106,0.0114,0.05319,source_point,Figure 4,Ames 2x2-foot TWT
0.4,1.078,75,0.152021,0.1921,-0.05851,75,-0.1807,0.1117,0.0114,0.05319,source_point,Figure 4,Ames 2x2-foot TWT
0.4,1.078,80,0.110218,0.2341,-0.18085,80,-0.2227,0.23404,0.0114,0.05319,source_point,Figure 4,Ames 2x2-foot TWT
0.4,1.078,85,0.076794,0.2444,-0.24468,85,-0.233,0.29787,0.0114,0.05319,source_point,Figure 4,Ames 2x2-foot TWT
0.4,1.078,90,0.086994,0.2546,-0.24468,90,-0.2432,0.29787,0.0114,0.05319,source_point,Figure 4,Ames 2x2-foot TWT
0.7,1.078,-90,-0.053715,-0.2614,0.30319,90,-0.2614,0.34574,0,0.04255,source_point,Figure 4,Ames 2x2-foot TWT
0.7,1.078,-85,-0.099862,-0.2784,0.26064,85,-0.2784,0.30319,0,0.04255,linear_angle_interpolation,Figure 4,Ames 2x2-foot TWT
0.7,1.078,-80,-0.130078,-0.2955,0.241492,80,-0.2955,0.284042,0,0.04255,linear_angle_interpolation,Figure 4,Ames 2x2-foot TWT
0.7,1.078,-75,-0.180222,-0.3318,0.221282,75,-0.3318,0.263832,0,0.04255,linear_angle_interpolation,Figure 4,Ames 2x2-foot TWT
0.7,1.078,-70,-0.212735,-0.3682,0.226957,70,-0.3682,0.2695066666666666666666666667,0,0.04255,linear_angle_interpolation,Figure 4,Ames 2x2-foot TWT
0.7,1.078,-65,-0.058112,-0.3875,0.480858,65,-0.3875,0.523408,0,0.04255,linear_angle_interpolation,Figure 4,Ames 2x2-foot TWT
0.7,1.078,-60,-0.071588,-0.4068,0.48936,60,-0.4068,0.53191,0,0.04255,source_point,Figure 4,Ames 2x2-foot TWT
0.7,1.078,-55,-0.058841,-0.3977,0.494684,55,-0.3977,0.537234,0,0.04255,linear_angle_interpolation,Figure 4,Ames 2x2-foot TWT
0.7,1.078,-50,-0.06067,-0.3886,0.47873,50,-0.3886,0.52128,0,0.04255,linear_angle_interpolation,Figure 4,Ames 2x2-foot TWT
0.7,1.078,-45,-0.038327,-0.375,0.491494,45,-0.375,0.534044,0,0.04255,linear_angle_interpolation,Figure 4,Ames 2x2-foot TWT
0.7,1.078,-40,-0.015256,-0.3614,0.50532,40,-0.3614,0.54787,0,0.04255,source_point,Figure 4,Ames 2x2-foot TWT
0.7,1.078,-35,-0.05658,-0.3386,0.411708,35,-0.3386,0.454258,0,0.04255,linear_angle_interpolation,Figure 4,Ames 2x2-foot TWT
0.7,1.078,-30,-0.050641,-0.3159,0.38724,30,-0.3159,0.42979,0,0.04255,linear_angle_interpolation,Figure 4,Ames 2x2-foot TWT
0.7,1.078,-25,-0.051893,-0.2727,0.322346,25,-0.2727,0.364896,0,0.04255,linear_angle_interpolation,Figure 4,Ames 2x2-foot TWT
0.7,1.078,-20,-0.054606,-0.2295,0.25532,20,-0.2295,0.29787,0,0.04255,source_point,Figure 4,Ames 2x2-foot TWT
0.7,1.078,-15,-0.048313,-0.1773,0.188302,15,-0.1773,0.230852,0,0.04255,linear_angle_interpolation,Figure 4,Ames 2x2-foot TWT
0.7,1.078,-10,-0.045567,-0.125,0.11596,10,-0.125,0.15851,0,0.04255,linear_angle_interpolation,Figure 4,Ames 2x2-foot TWT
0.7,1.078,-5,-0.02752,-0.0625,0.051066,5,-0.0625,0.093616,0,0.04255,linear_angle_interpolation,Figure 4,Ames 2x2-foot TWT
0.7,1.078,0,0,0,0,0,0,0.04255,0,0.04255,source_point,Figure 4,Ames 2x2-foot TWT
0.7,1.078,5,0.02752,0.0625,-0.051066,5,-0.0625,0.093616,0,0.04255,linear_angle_interpolation,Figure 4,Ames 2x2-foot TWT
0.7,1.078,10,0.045567,0.125,-0.11596,10,-0.125,0.15851,0,0.04255,linear_angle_interpolation,Figure 4,Ames 2x2-foot TWT
0.7,1.078,15,0.048313,0.1773,-0.188302,15,-0.1773,0.230852,0,0.04255,linear_angle_interpolation,Figure 4,Ames 2x2-foot TWT
0.7,1.078,20,0.054606,0.2295,-0.25532,20,-0.2295,0.29787,0,0.04255,source_point,Figure 4,Ames 2x2-foot TWT
0.7,1.078,25,0.051893,0.2727,-0.322346,25,-0.2727,0.364896,0,0.04255,linear_angle_interpolation,Figure 4,Ames 2x2-foot TWT
0.7,1.078,30,0.050641,0.3159,-0.38724,30,-0.3159,0.42979,0,0.04255,linear_angle_interpolation,Figure 4,Ames 2x2-foot TWT
0.7,1.078,35,0.05658,0.3386,-0.411708,35,-0.3386,0.454258,0,0.04255,linear_angle_interpolation,Figure 4,Ames 2x2-foot TWT
0.7,1.078,40,0.015256,0.3614,-0.50532,40,-0.3614,0.54787,0,0.04255,source_point,Figure 4,Ames 2x2-foot TWT
0.7,1.078,45,0.038327,0.375,-0.491494,45,-0.375,0.534044,0,0.04255,linear_angle_interpolation,Figure 4,Ames 2x2-foot TWT
0.7,1.078,50,0.06067,0.3886,-0.47873,50,-0.3886,0.52128,0,0.04255,linear_angle_interpolation,Figure 4,Ames 2x2-foot TWT
0.7,1.078,55,0.058841,0.3977,-0.494684,55,-0.3977,0.537234,0,0.04255,linear_angle_interpolation,Figure 4,Ames 2x2-foot TWT
0.7,1.078,60,0.071588,0.4068,-0.48936,60,-0.4068,0.53191,0,0.04255,source_point,Figure 4,Ames 2x2-foot TWT
0.7,1.078,65,0.058112,0.3875,-0.480858,65,-0.3875,0.523408,0,0.04255,linear_angle_interpolation,Figure 4,Ames 2x2-foot TWT
0.7,1.078,70,0.212735,0.3682,-0.226957,70,-0.3682,0.2695066666666666666666666667,0,0.04255,linear_angle_interpolation,Figure 4,Ames 2x2-foot TWT
0.7,1.078,75,0.180222,0.3318,-0.221282,75,-0.3318,0.263832,0,0.04255,linear_angle_interpolation,Figure 4,Ames 2x2-foot TWT
0.7,1.078,80,0.130078,0.2955,-0.241492,80,-0.2955,0.284042,0,0.04255,linear_angle_interpolation,Figure 4,Ames 2x2-foot TWT
0.7,1.078,85,0.099862,0.2784,-0.26064,85,-0.2784,0.30319,0,0.04255,linear_angle_interpolation,Figure 4,Ames 2x2-foot TWT
0.7,1.078,90,0.053715,0.2614,-0.30319,90,-0.2614,0.34574,0,0.04255,source_point,Figure 4,Ames 2x2-foot TWT
0.9,1.078,-90,-0.05847,-0.3864,0.47873,90,-0.3659,0.46277,0.0205,-0.01596,source_point,Figure 4,Ames 2x2-foot TWT
0.9,1.078,-85,-0.060288,-0.3955,0.48936,85,-0.375,0.4734,0.0205,-0.01596,source_point,Figure 4,Ames 2x2-foot TWT
0.9,1.078,-80,-0.0621,-0.4046,0.5,80,-0.3841,0.48404,0.0205,-0.01596,source_point,Figure 4,Ames 2x2-foot TWT
0.9,1.078,-75,-0.040846,-0.4125,0.54256,75,-0.392,0.5266,0.0205,-0.01596,source_point,Figure 4,Ames 2x2-foot TWT
0.9,1.078,-70,-0.052491,-0.4205,0.53724,70,-0.4,0.52128,0.0205,-0.01596,source_point,Figure 4,Ames 2x2-foot TWT
0.9,1.078,-65,-0.053576,-0.4398,0.56383,65,-0.4193,0.54787,0.0205,-0.01596,source_point,Figure 4,Ames 2x2-foot TWT
0.9,1.078,-60,-0.047367,-0.4591,0.60107,60,-0.4386,0.58511,0.0205,-0.01596,source_point,Figure 4,Ames 2x2-foot TWT
0.9,1.078,-55,-0.026953,-0.4569,0.62766,55,-0.4364,0.6117,0.0205,-0.01596,source_point,Figure 4,Ames 2x2-foot TWT
0.9,1.078,-50,-0.031941,-0.4546,0.61702,50,-0.4341,0.60106,0.0205,-0.01596,source_point,Figure 4,Ames 2x2-foot TWT
0.9,1.078,-45,-0.0277,-0.4285,0.58511,45,-0.408,0.56915,0.0205,-0.01596,source_point,Figure 4,Ames 2x2-foot TWT
0.9,1.078,-40,-0.030646,-0.4023,0.54256,40,-0.3818,0.5266,0.0205,-0.01596,source_point,Figure 4,Ames 2x2-foot TWT
0.9,1.078,-35,-0.026188,-0.3614,0.48936,35,-0.3409,0.4734,0.0205,-0.01596,source_point,Figure 4,Ames 2x2-foot TWT
0.9,1.078,-30,-0.021724,-0.3205,0.43617,30,-0.3,0.42021,0.0205,-0.01596,source_point,Figure 4,Ames 2x2-foot TWT
0.9,1.078,-25,-0.017747,-0.2728,0.37234,25,-0.2523,0.35638,0.0205,-0.01596,source_point,Figure 4,Ames 2x2-foot TWT
0.9,1.078,-20,-0.028241,-0.225,0.28724,20,-0.2045,0.27128,0.0205,-0.01596,source_point,Figure 4,Ames 2x2-foot TWT
0.9,1.078,-15,-0.036541,-0.175,0.20213,15,-0.1545,0.18617,0.0205,-0.01596,source_point,Figure 4,Ames 2x2-foot TWT
0.9,1.078,-10,-0.030264,-0.125,0.1383,10,-0.1045,0.12234,0.0205,-0.01596,source_point,Figure 4,Ames 2x2-foot TWT
0.9,1.078,-5,0.021303,-0.0625,0.12234,5,-0.042,0.10638,0.0205,-0.01596,source_point,Figure 4,Ames 2x2-foot TWT
0.9,1.078,0,0,0,0,0,0.0205,-0.01596,0.0205,-0.01596,source_point,Figure 4,Ames 2x2-foot TWT
0.9,1.078,5,-0.021303,0.0625,-0.12234,5,-0.042,0.10638,0.0205,-0.01596,source_point,Figure 4,Ames 2x2-foot TWT
0.9,1.078,10,0.030264,0.125,-0.1383,10,-0.1045,0.12234,0.0205,-0.01596,source_point,Figure 4,Ames 2x2-foot TWT
0.9,1.078,15,0.036541,0.175,-0.20213,15,-0.1545,0.18617,0.0205,-0.01596,source_point,Figure 4,Ames 2x2-foot TWT
0.9,1.078,20,0.028241,0.225,-0.28724,20,-0.2045,0.27128,0.0205,-0.01596,source_point,Figure 4,Ames 2x2-foot TWT
0.9,1.078,25,0.017747,0.2728,-0.37234,25,-0.2523,0.35638,0.0205,-0.01596,source_point,Figure 4,Ames 2x2-foot TWT
0.9,1.078,30,0.021724,0.3205,-0.43617,30,-0.3,0.42021,0.0205,-0.01596,source_point,Figure 4,Ames 2x2-foot TWT
0.9,1.078,35,0.026188,0.3614,-0.48936,35,-0.3409,0.4734,0.0205,-0.01596,source_point,Figure 4,Ames 2x2-foot TWT
0.9,1.078,40,0.030646,0.4023,-0.54256,40,-0.3818,0.5266,0.0205,-0.01596,source_point,Figure 4,Ames 2x2-foot TWT
0.9,1.078,45,0.0277,0.4285,-0.58511,45,-0.408,0.56915,0.0205,-0.01596,source_point,Figure 4,Ames 2x2-foot TWT
0.9,1.078,50,0.031941,0.4546,-0.61702,50,-0.4341,0.60106,0.0205,-0.01596,source_point,Figure 4,Ames 2x2-foot TWT
0.9,1.078,55,0.026953,0.4569,-0.62766,55,-0.4364,0.6117,0.0205,-0.01596,source_point,Figure 4,Ames 2x2-foot TWT
0.9,1.078,60,0.047367,0.4591,-0.60107,60,-0.4386,0.58511,0.0205,-0.01596,source_point,Figure 4,Ames 2x2-foot TWT
0.9,1.078,65,0.053576,0.4398,-0.56383,65,-0.4193,0.54787,0.0205,-0.01596,source_point,Figure 4,Ames 2x2-foot TWT
0.9,1.078,70,0.052491,0.4205,-0.53724,70,-0.4,0.52128,0.0205,-0.01596,source_point,Figure 4,Ames 2x2-foot TWT
0.9,1.078,75,0.040846,0.4125,-0.54256,75,-0.392,0.5266,0.0205,-0.01596,source_point,Figure 4,Ames 2x2-foot TWT
0.9,1.078,80,0.0621,0.4046,-0.5,80,-0.3841,0.48404,0.0205,-0.01596,source_point,Figure 4,Ames 2x2-foot TWT
0.9,1.078,85,0.060288,0.3955,-0.48936,85,-0.375,0.4734,0.0205,-0.01596,source_point,Figure 4,Ames 2x2-foot TWT
0.9,1.078,90,0.05847,0.3864,-0.47873,90,-0.3659,0.46277,0.0205,-0.01596,source_point,Figure 4,Ames 2x2-foot TWT
1.1,1.078,-90,-0.044118,-0.4522,0.59574,90,-0.4477,0.62234,0.0045,0.0266,source_point,Figure 4,Ames 2x2-foot TWT
1.1,1.078,-85,-0.065718,-0.4738,0.59574,85,-0.4693,0.62234,0.0045,0.0266,source_point,Figure 4,Ames 2x2-foot TWT
1.1,1.078,-80,-0.076386,-0.4954,0.6117,80,-0.4909,0.6383,0.0045,0.0266,source_point,Figure 4,Ames 2x2-foot TWT
1.1,1.078,-75,-0.092062,-0.4965,0.59042,75,-0.492,0.61702,0.0045,0.0266,source_point,Figure 4,Ames 2x2-foot TWT
1.1,1.078,-70,-0.08233,-0.4977,0.60638,70,-0.4932,0.63298,0.0045,0.0266,source_point,Figure 4,Ames 2x2-foot TWT
1.1,1.078,-65,-0.062771,-0.5,0.63829,65,-0.4955,0.66489,0.0045,0.0266,source_point,Figure 4,Ames 2x2-foot TWT
1.1,1.078,-60,-0.043106,-0.5022,0.67021,60,-0.4977,0.69681,0.0045,0.0266,source_point,Figure 4,Ames 2x2-foot TWT
1.1,1.078,-55,-0.02745,-0.4829,0.66489,55,-0.4784,0.69149,0.0045,0.0266,source_point,Figure 4,Ames 2x2-foot TWT
1.1,1.078,-50,-0.026371,-0.4636,0.63829,50,-0.4591,0.66489,0.0045,0.0266,source_point,Figure 4,Ames 2x2-foot TWT
1.1,1.078,-45,-0.016674,-0.4284,0.60106,45,-0.4239,0.62766,0.0045,0.0266,source_point,Figure 4,Ames 2x2-foot TWT
1.1,1.078,-40,-0.017809,-0.3931,0.54787,40,-0.3886,0.57447,0.0045,0.0266,source_point,Figure 4,Ames 2x2-foot TWT
1.1,1.078,-35,-0.020877,-0.3488,0.47872,35,-0.3443,0.50532,0.0045,0.0266,source_point,Figure 4,Ames 2x2-foot TWT
1.1,1.078,-30,-0.023945,-0.3045,0.40957,30,-0.3,0.43617,0.0045,0.0266,source_point,Figure 4,Ames 2x2-foot TWT
1.1,1.078,-25,-0.014756,-0.2443,0.3351,25,-0.2398,0.3617,0.0045,0.0266,source_point,Figure 4,Ames 2x2-foot TWT
1.1,1.078,-20,-0.005468,-0.184,0.26063,20,-0.1795,0.28723,0.0045,0.0266,source_point,Figure 4,Ames 2x2-foot TWT
1.1,1.078,-15,0.008708,-0.1261,0.1968,15,-0.1216,0.2234,0.0045,0.0266,source_point,Figure 4,Ames 2x2-foot TWT
1.1,1.078,-10,0.001126,-0.0681,0.10106,10,-0.0636,0.12766,0.0045,0.0266,source_point,Figure 4,Ames 2x2-foot TWT
1.1,1.078,-5,-0.012142,-0.034,0.03191,5,-0.0295,0.05851,0.0045,0.0266,source_point,Figure 4,Ames 2x2-foot TWT
1.1,1.078,0,0,0,0,0,0.0045,0.0266,0.0045,0.0266,source_point,Figure 4,Ames 2x2-foot TWT
1.1,1.078,5,0.012142,0.034,-0.03191,5,-0.0295,0.05851,0.0045,0.0266,source_point,Figure 4,Ames 2x2-foot TWT
1.1,1.078,10,-0.001126,0.0681,-0.10106,10,-0.0636,0.12766,0.0045,0.0266,source_point,Figure 4,Ames 2x2-foot TWT
1.1,1.078,15,-0.008708,0.1261,-0.1968,15,-0.1216,0.2234,0.0045,0.0266,source_point,Figure 4,Ames 2x2-foot TWT
1.1,1.078,20,0.005468,0.184,-0.26063,20,-0.1795,0.28723,0.0045,0.0266,source_point,Figure 4,Ames 2x2-foot TWT
1.1,1.078,25,0.014756,0.2443,-0.3351,25,-0.2398,0.3617,0.0045,0.0266,source_point,Figure 4,Ames 2x2-foot TWT
1.1,1.078,30,0.023945,0.3045,-0.40957,30,-0.3,0.43617,0.0045,0.0266,source_point,Figure 4,Ames 2x2-foot TWT
1.1,1.078,35,0.020877,0.3488,-0.47872,35,-0.3443,0.50532,0.0045,0.0266,source_point,Figure 4,Ames 2x2-foot TWT
1.1,1.078,40,0.017809,0.3931,-0.54787,40,-0.3886,0.57447,0.0045,0.0266,source_point,Figure 4,Ames 2x2-foot TWT
1.1,1.078,45,0.016674,0.4284,-0.60106,45,-0.4239,0.62766,0.0045,0.0266,source_point,Figure 4,Ames 2x2-foot TWT
1.1,1.078,50,0.026371,0.4636,-0.63829,50,-0.4591,0.66489,0.0045,0.0266,source_point,Figure 4,Ames 2x2-foot TWT
1.1,1.078,55,0.02745,0.4829,-0.66489,55,-0.4784,0.69149,0.0045,0.0266,source_point,Figure 4,Ames 2x2-foot TWT
1.1,1.078,60,0.043106,0.5022,-0.67021,60,-0.4977,0.69681,0.0045,0.0266,source_point,Figure 4,Ames 2x2-foot TWT
1.1,1.078,65,0.062771,0.5,-0.63829,65,-0.4955,0.66489,0.0045,0.0266,source_point,Figure 4,Ames 2x2-foot TWT
1.1,1.078,70,0.08233,0.4977,-0.60638,70,-0.4932,0.63298,0.0045,0.0266,source_point,Figure 4,Ames 2x2-foot TWT
1.1,1.078,75,0.092062,0.4965,-0.59042,75,-0.492,0.61702,0.0045,0.0266,source_point,Figure 4,Ames 2x2-foot TWT
1.1,1.078,80,0.076386,0.4954,-0.6117,80,-0.4909,0.6383,0.0045,0.0266,source_point,Figure 4,Ames 2x2-foot TWT
1.1,1.078,85,0.065718,0.4738,-0.59574,85,-0.4693,0.62234,0.0045,0.0266,source_point,Figure 4,Ames 2x2-foot TWT
1.1,1.078,90,0.044118,0.4522,-0.59574,90,-0.4477,0.62234,0.0045,0.0266,source_point,Figure 4,Ames 2x2-foot TWT
1.2,1.078,-90,-0.035586,-0.4546,0.6117,90,-0.4614,0.6383,-0.0068,0.0266,source_point,Figure 4,Ames 2x2-foot TWT
1.2,1.078,-85,-0.048697,-0.475,0.62234,85,-0.4818,0.64894,-0.0068,0.0266,source_point,Figure 4,Ames 2x2-foot TWT
1.2,1.078,-80,-0.08013,-0.4955,0.60638,80,-0.5023,0.63298,-0.0068,0.0266,source_point,Figure 4,Ames 2x2-foot TWT
1.2,1.078,-75,-0.07213,-0.4875,0.60638,75,-0.4943,0.63298,-0.0068,0.0266,source_point,Figure 4,Ames 2x2-foot TWT
1.2,1.078,-70,-0.056941,-0.4796,0.61702,70,-0.4864,0.64362,-0.0068,0.0266,source_point,Figure 4,Ames 2x2-foot TWT
1.2,1.078,-65,-0.011162,-0.4739,0.67553,65,-0.4807,0.70213,-0.0068,0.0266,source_point,Figure 4,Ames 2x2-foot TWT
1.2,1.078,-60,-0.001818,-0.4682,0.68085,60,-0.475,0.70745,-0.0068,0.0266,source_point,Figure 4,Ames 2x2-foot TWT
1.2,1.078,-55,-0.023216,-0.4568,0.63297,55,-0.4636,0.65957,-0.0068,0.0266,source_point,Figure 4,Ames 2x2-foot TWT
1.2,1.078,-50,-0.037418,-0.4455,0.59574,50,-0.4523,0.62234,-0.0068,0.0266,source_point,Figure 4,Ames 2x2-foot TWT
1.2,1.078,-45,-0.033565,-0.4125,0.55319,45,-0.4193,0.57979,-0.0068,0.0266,source_point,Figure 4,Ames 2x2-foot TWT
1.2,1.078,-40,-0.040744,-0.3796,0.49468,40,-0.3864,0.52128,-0.0068,0.0266,source_point,Figure 4,Ames 2x2-foot TWT
1.2,1.078,-35,-0.041268,-0.3364,0.43085,35,-0.3432,0.45745,-0.0068,0.0266,source_point,Figure 4,Ames 2x2-foot TWT
1.2,1.078,-30,-0.041791,-0.2932,0.36702,30,-0.3,0.39362,-0.0068,0.0266,source_point,Figure 4,Ames 2x2-foot TWT
1.2,1.078,-25,-0.029815,-0.2375,0.30319,25,-0.2443,0.32979,-0.0068,0.0266,source_point,Figure 4,Ames 2x2-foot TWT
1.2,1.078,-20,-0.021483,-0.1818,0.23404,20,-0.1886,0.26064,-0.0068,0.0266,source_point,Figure 4,Ames 2x2-foot TWT
1.2,1.078,-15,-0.004518,-0.1284,0.18085,15,-0.1352,0.20745,-0.0068,0.0266,source_point,Figure 4,Ames 2x2-foot TWT
1.2,1.078,-10,-0.009418,-0.075,0.09574,10,-0.0818,0.12234,-0.0068,0.0266,source_point,Figure 4,Ames 2x2-foot TWT
1.2,1.078,-5,-0.008353,-0.0375,0.04255,5,-0.0443,0.06915,-0.0068,0.0266,source_point,Figure 4,Ames 2x2-foot TWT
1.2,1.078,0,0,0,0,0,-0.0068,0.0266,-0.0068,0.0266,source_point,Figure 4,Ames 2x2-foot TWT
1.2,1.078,5,0.008353,0.0375,-0.04255,5,-0.0443,0.06915,-0.0068,0.0266,source_point,Figure 4,Ames 2x2-foot TWT
1.2,1.078,10,0.009418,0.075,-0.09574,10,-0.0818,0.12234,-0.0068,0.0266,source_point,Figure 4,Ames 2x2-foot TWT
1.2,1.078,15,0.004518,0.1284,-0.18085,15,-0.1352,0.20745,-0.0068,0.0266,source_point,Figure 4,Ames 2x2-foot TWT
1.2,1.078,20,0.021483,0.1818,-0.23404,20,-0.1886,0.26064,-0.0068,0.0266,source_point,Figure 4,Ames 2x2-foot TWT
1.2,1.078,25,0.029815,0.2375,-0.30319,25,-0.2443,0.32979,-0.0068,0.0266,source_point,Figure 4,Ames 2x2-foot TWT
1.2,1.078,30,0.041791,0.2932,-0.36702,30,-0.3,0.39362,-0.0068,0.0266,source_point,Figure 4,Ames 2x2-foot TWT
1.2,1.078,35,0.041268,0.3364,-0.43085,35,-0.3432,0.45745,-0.0068,0.0266,source_point,Figure 4,Ames 2x2-foot TWT
1.2,1.078,40,0.040744,0.3796,-0.49468,40,-0.3864,0.52128,-0.0068,0.0266,source_point,Figure 4,Ames 2x2-foot TWT
1.2,1.078,45,0.033565,0.4125,-0.55319,45,-0.4193,0.57979,-0.0068,0.0266,source_point,Figure 4,Ames 2x2-foot TWT
1.2,1.078,50,0.037418,0.4455,-0.59574,50,-0.4523,0.62234,-0.0068,0.0266,source_point,Figure 4,Ames 2x2-foot TWT
1.2,1.078,55,0.023216,0.4568,-0.63297,55,-0.4636,0.65957,-0.0068,0.0266,source_point,Figure 4,Ames 2x2-foot TWT
1.2,1.078,60,0.001818,0.4682,-0.68085,60,-0.475,0.70745,-0.0068,0.0266,source_point,Figure 4,Ames 2x2-foot TWT
1.2,1.078,65,0.011162,0.4739,-0.67553,65,-0.4807,0.70213,-0.0068,0.0266,source_point,Figure 4,Ames 2x2-foot TWT
1.2,1.078,70,0.056941,0.4796,-0.61702,70,-0.4864,0.64362,-0.0068,0.0266,source_point,Figure 4,Ames 2x2-foot TWT
1.2,1.078,75,0.07213,0.4875,-0.60638,75,-0.4943,0.63298,-0.0068,0.0266,source_point,Figure 4,Ames 2x2-foot TWT
1.2,1.078,80,0.08013,0.4955,-0.60638,80,-0.5023,0.63298,-0.0068,0.0266,source_point,Figure 4,Ames 2x2-foot TWT
1.2,1.078,85,0.048697,0.475,-0.62234,85,-0.4818,0.64894,-0.0068,0.0266,source_point,Figure 4,Ames 2x2-foot TWT
1.2,1.078,90,0.035586,0.4546,-0.6117,90,-0.4614,0.6383,-0.0068,0.0266,source_point,Figure 4,Ames 2x2-foot TWT
1.35,0.924,-90,-0.044529,-0.5182,0.69149,90,-0.5,0.68617,0.0182,-0.00532,source_point,Figure 4,Ames 2x2-foot TWT
1.35,0.924,-85,-0.053141,-0.5341,0.70213,85,-0.5159,0.69681,0.0182,-0.00532,source_point,Figure 4,Ames 2x2-foot TWT
1.35,0.924,-80,-0.09455,-0.55,0.66489,80,-0.5318,0.65957,0.0182,-0.00532,source_point,Figure 4,Ames 2x2-foot TWT
1.35,0.924,-75,-0.059927,-0.5591,0.72872,75,-0.5409,0.7234,0.0182,-0.00532,source_point,Figure 4,Ames 2x2-foot TWT
1.35,0.924,-70,-0.087241,-0.5682,0.70213,70,-0.55,0.69681,0.0182,-0.00532,source_point,Figure 4,Ames 2x2-foot TWT
1.35,0.924,-65,-0.077653,-0.5659,0.71277,65,-0.5477,0.70745,0.0182,-0.00532,source_point,Figure 4,Ames 2x2-foot TWT
1.35,0.924,-60,-0.053594,-0.5637,0.74468,60,-0.5455,0.73936,0.0182,-0.00532,source_point,Figure 4,Ames 2x2-foot TWT
1.35,0.924,-55,-0.040627,-0.5398,0.72872,55,-0.5216,0.7234,0.0182,-0.00532,source_point,Figure 4,Ames 2x2-foot TWT
1.35,0.924,-50,-0.042229,-0.5159,0.69149,50,-0.4977,0.68617,0.0182,-0.00532,source_point,Figure 4,Ames 2x2-foot TWT
1.35,0.924,-45,-0.045053,-0.475,0.62766,45,-0.4568,0.62234,0.0182,-0.00532,source_point,Figure 4,Ames 2x2-foot TWT
1.35,0.924,-40,-0.044232,-0.4341,0.56915,40,-0.4159,0.56383,0.0182,-0.00532,source_point,Figure 4,Ames 2x2-foot TWT
1.35,0.924,-35,-0.079135,-0.3852,0.44681,35,-0.367,0.44149,0.0182,-0.00532,source_point,Figure 4,Ames 2x2-foot TWT
1.35,0.924,-30,-0.048556,-0.3364,0.42021,30,-0.3182,0.41489,0.0182,-0.00532,source_point,Figure 4,Ames 2x2-foot TWT
1.35,0.924,-25,-0.063915,-0.2716,0.30319,25,-0.2534,0.29787,0.0182,-0.00532,source_point,Figure 4,Ames 2x2-foot TWT
1.35,0.924,-20,-0.050127,-0.2068,0.22872,20,-0.1886,0.2234,0.0182,-0.00532,source_point,Figure 4,Ames 2x2-foot TWT
1.35,0.924,-15,-0.012885,-0.1477,0.19681,15,-0.1295,0.19149,0.0182,-0.00532,source_point,Figure 4,Ames 2x2-foot TWT
1.35,0.924,-10,-0.001253,-0.0887,0.12766,10,-0.0705,0.12234,0.0182,-0.00532,source_point,Figure 4,Ames 2x2-foot TWT
1.35,0.924,-5,0.006712,-0.0443,0.07447,5,-0.0261,0.06915,0.0182,-0.00532,source_point,Figure 4,Ames 2x2-foot TWT
1.35,0.924,0,0,0,0,0,0.0182,-0.00532,0.0182,-0.00532,source_point,Figure 4,Ames 2x2-foot TWT
1.35,0.924,5,-0.006712,0.0443,-0.07447,5,-0.0261,0.06915,0.0182,-0.00532,source_point,Figure 4,Ames 2x2-foot TWT
1.35,0.924,10,0.001253,0.0887,-0.12766,10,-0.0705,0.12234,0.0182,-0.00532,source_point,Figure 4,Ames 2x2-foot TWT
1.35,0.924,15,0.012885,0.1477,-0.19681,15,-0.1295,0.19149,0.0182,-0.00532,source_point,Figure 4,Ames 2x2-foot TWT
1.35,0.924,20,0.050127,0.2068,-0.22872,20,-0.1886,0.2234,0.0182,-0.00532,source_point,Figure 4,Ames 2x2-foot TWT
1.35,0.924,25,0.063915,0.2716,-0.30319,25,-0.2534,0.29787,0.0182,-0.00532,source_point,Figure 4,Ames 2x2-foot TWT
1.35,0.924,30,0.048556,0.3364,-0.42021,30,-0.3182,0.41489,0.0182,-0.00532,source_point,Figure 4,Ames 2x2-foot TWT
1.35,0.924,35,0.079135,0.3852,-0.44681,35,-0.367,0.44149,0.0182,-0.00532,source_point,Figure 4,Ames 2x2-foot TWT
1.35,0.924,40,0.044232,0.4341,-0.56915,40,-0.4159,0.56383,0.0182,-0.00532,source_point,Figure 4,Ames 2x2-foot TWT
1.35,0.924,45,0.045053,0.475,-0.62766,45,-0.4568,0.62234,0.0182,-0.00532,source_point,Figure 4,Ames 2x2-foot TWT
1.35,0.924,50,0.042229,0.5159,-0.69149,50,-0.4977,0.68617,0.0182,-0.00532,source_point,Figure 4,Ames 2x2-foot TWT
1.35,0.924,55,0.040627,0.5398,-0.72872,55,-0.5216,0.7234,0.0182,-0.00532,source_point,Figure 4,Ames 2x2-foot TWT
1.35,0.924,60,0.053594,0.5637,-0.74468,60,-0.5455,0.73936,0.0182,-0.00532,source_point,Figure 4,Ames 2x2-foot TWT
1.35,0.924,65,0.077653,0.5659,-0.71277,65,-0.5477,0.70745,0.0182,-0.00532,source_point,Figure 4,Ames 2x2-foot TWT
1.35,0.924,70,0.087241,0.5682,-0.70213,70,-0.55,0.69681,0.0182,-0.00532,source_point,Figure 4,Ames 2x2-foot TWT
1.35,0.924,75,0.059927,0.5591,-0.72872,75,-0.5409,0.7234,0.0182,-0.00532,source_point,Figure 4,Ames 2x2-foot TWT
1.35,0.924,80,0.09455,0.55,-0.66489,80,-0.5318,0.65957,0.0182,-0.00532,source_point,Figure 4,Ames 2x2-foot TWT
1.35,0.924,85,0.053141,0.5341,-0.70213,85,-0.5159,0.69681,0.0182,-0.00532,source_point,Figure 4,Ames 2x2-foot TWT
1.35,0.924,90,0.044529,0.5182,-0.69149,90,-0.5,0.68617,0.0182,-0.00532,source_point,Figure 4,Ames 2x2-foot TWT
1.575,1.16,-90,-0.020965,-0.4629,0.64516,90,-0.4674,0.65438,-0.0045,0.00922,source_point,Figure 5,NAA-SAL
1.575,1.16,-85,-0.031699,-0.4831,0.65898,85,-0.4876,0.6682,-0.0045,0.00922,source_point,Figure 5,NAA-SAL
1.575,1.16,-80,-0.055157,-0.5034,0.65437,80,-0.5079,0.66359,-0.0045,0.00922,source_point,Figure 5,NAA-SAL
1.575,1.16,-75,-0.049001,-0.5225,0.69124,75,-0.527,0.70046,-0.0045,0.00922,source_point,Figure 5,NAA-SAL
1.575,1.16,-70,-0.027062,-0.5416,0.75115,70,-0.5461,0.76037,-0.0045,0.00922,source_point,Figure 5,NAA-SAL
1.575,1.16,-65,-0.039918,-0.5292,0.71428,65,-0.5337,0.7235,-0.0045,0.00922,source_point,Figure 5,NAA-SAL
1.575,1.16,-60,-0.046458,-0.5168,0.68663,60,-0.5213,0.69585,-0.0045,0.00922,source_point,Figure 5,NAA-SAL
1.575,1.16,-55,-0.012918,-0.5022,0.71428,55,-0.5067,0.7235,-0.0045,0.00922,source_point,Figure 5,NAA-SAL
1.575,1.16,-50,-0.033041,-0.4876,0.66359,50,-0.4921,0.67281,-0.0045,0.00922,source_point,Figure 5,NAA-SAL
1.575,1.16,-45,-0.007957,-0.4562,0.65437,45,-0.4607,0.66359,-0.0045,0.00922,source_point,Figure 5,NAA-SAL
1.575,1.16,-40,0.017235,-0.4247,0.64516,40,-0.4292,0.65438,-0.0045,0.00922,source_point,Figure 5,NAA-SAL
1.575,1.16,-35,-0.003911,-0.3764,0.54378,35,-0.3809,0.553,-0.0045,0.00922,source_point,Figure 5,NAA-SAL
1.575,1.16,-30,-0.012431,-0.3281,0.46083,30,-0.3326,0.47005,-0.0045,0.00922,source_point,Figure 5,NAA-SAL
1.575,1.16,-25,0.005888,-0.2719,0.40553,25,-0.2764,0.41475,-0.0045,0.00922,source_point,Figure 5,NAA-SAL
1.575,1.16,-20,0.030516,-0.2157,0.35944,20,-0.2202,0.36866,-0.0045,0.00922,source_point,Figure 5,NAA-SAL
1.575,1.16,-15,0.011571,-0.1652,0.25806,15,-0.1697,0.26728,-0.0045,0.00922,source_point,Figure 5,NAA-SAL
1.575,1.16,-10,0.008508,-0.1146,0.17972,10,-0.1191,0.18894,-0.0045,0.00922,source_point,Figure 5,NAA-SAL
1.575,1.16,-5,0.015303,-0.0573,0.10599,5,-0.0618,0.11521,-0.0045,0.00922,source_point,Figure 5,NAA-SAL
1.575,1.16,0,0,0,0,0,-0.0045,0.00922,-0.0045,0.00922,source_point,Figure 5,NAA-SAL
1.575,1.16,5,-0.015303,0.0573,-0.10599,5,-0.0618,0.11521,-0.0045,0.00922,source_point,Figure 5,NAA-SAL
1.575,1.16,10,-0.008508,0.1146,-0.17972,10,-0.1191,0.18894,-0.0045,0.00922,source_point,Figure 5,NAA-SAL
1.575,1.16,15,-0.011571,0.1652,-0.25806,15,-0.1697,0.26728,-0.0045,0.00922,source_point,Figure 5,NAA-SAL
1.575,1.16,20,-0.030516,0.2157,-0.35944,20,-0.2202,0.36866,-0.0045,0.00922,source_point,Figure 5,NAA-SAL
1.575,1.16,25,-0.005888,0.2719,-0.40553,25,-0.2764,0.41475,-0.0045,0.00922,source_point,Figure 5,NAA-SAL
1.575,1.16,30,0.012431,0.3281,-0.46083,30,-0.3326,0.47005,-0.0045,0.00922,source_point,Figure 5,NAA-SAL
1.575,1.16,35,0.003911,0.3764,-0.54378,35,-0.3809,0.553,-0.0045,0.00922,source_point,Figure 5,NAA-SAL
1.575,1.16,40,-0.017235,0.4247,-0.64516,40,-0.4292,0.65438,-0.0045,0.00922,source_point,Figure 5,NAA-SAL
1.575,1.16,45,0.007957,0.4562,-0.65437,45,-0.4607,0.66359,-0.0045,0.00922,source_point,Figure 5,NAA-SAL
1.575,1.16,50,0.033041,0.4876,-0.66359,50,-0.4921,0.67281,-0.0045,0.00922,source_point,Figure 5,NAA-SAL
1.575,1.16,55,0.012918,0.5022,-0.71428,55,-0.5067,0.7235,-0.0045,0.00922,source_point,Figure 5,NAA-SAL
1.575,1.16,60,0.046458,0.5168,-0.68663,60,-0.5213,0.69585,-0.0045,0.00922,source_point,Figure 5,NAA-SAL
1.575,1.16,65,0.039918,0.5292,-0.71428,65,-0.5337,0.7235,-0.0045,0.00922,source_point,Figure 5,NAA-SAL
1.575,1.16,70,0.027062,0.5416,-0.75115,70,-0.5461,0.76037,-0.0045,0.00922,source_point,Figure 5,NAA-SAL
1.575,1.16,75,0.049001,0.5225,-0.69124,75,-0.527,0.70046,-0.0045,0.00922,source_point,Figure 5,NAA-SAL
1.575,1.16,80,0.055157,0.5034,-0.65437,80,-0.5079,0.66359,-0.0045,0.00922,source_point,Figure 5,NAA-SAL
1.575,1.16,85,0.031699,0.4831,-0.65898,85,-0.4876,0.6682,-0.0045,0.00922,source_point,Figure 5,NAA-SAL
1.575,1.16,90,0.020965,0.4629,-0.64516,90,-0.4674,0.65438,-0.0045,0.00922,source_point,Figure 5,NAA-SAL
1.65,0.724,-90,-0.008423,-0.4472,0.64055,90,-0.4472,0.64516,0,0.00461,source_point,Figure 5,JPL-20 SWT
1.65,0.724,-85,-0.028623,-0.4674,0.64055,85,-0.4674,0.64516,0,0.00461,source_point,Figure 5,JPL-20 SWT
1.65,0.724,-80,-0.03935,-0.4876,0.65438,80,-0.4876,0.65899,0,0.00461,source_point,Figure 5,JPL-20 SWT
1.65,0.724,-75,-0.017027,-0.5,0.70507,75,-0.5,0.70968,0,0.00461,source_point,Figure 5,JPL-20 SWT
1.65,0.724,-70,-0.042058,-0.5124,0.68663,70,-0.5124,0.69124,0,0.00461,source_point,Figure 5,JPL-20 SWT
1.65,0.724,-65,-0.019085,-0.4989,0.70046,65,-0.4989,0.70507,0,0.00461,source_point,Figure 5,JPL-20 SWT
1.65,0.724,-60,0.00704,-0.4854,0.71889,60,-0.4854,0.7235,0,0.00461,source_point,Figure 5,JPL-20 SWT
1.65,0.724,-55,0.021173,-0.4618,0.70507,55,-0.4618,0.70968,0,0.00461,source_point,Figure 5,JPL-20 SWT
1.65,0.724,-50,0.01005,-0.4382,0.65438,50,-0.4382,0.65899,0,0.00461,source_point,Figure 5,JPL-20 SWT
1.65,0.724,-45,0.061833,-0.4022,0.67742,45,-0.4022,0.68203,0,0.00461,source_point,Figure 5,JPL-20 SWT
1.65,0.724,-40,0.06301,-0.3663,0.62673,40,-0.3663,0.63134,0,0.00461,source_point,Figure 5,JPL-20 SWT
1.65,0.724,-35,0.054956,-0.327,0.5576,35,-0.327,0.56221,0,0.00461,source_point,Figure 5,JPL-20 SWT
1.65,0.724,-30,0.034377,-0.2876,0.47004,30,-0.2876,0.47465,0,0.00461,source_point,Figure 5,JPL-20 SWT
1.65,0.724,-25,0.044555,-0.2427,0.41935,25,-0.2427,0.42396,0,0.00461,source_point,Figure 5,JPL-20 SWT
1.65,0.724,-20,0.045265,-0.1978,0.35484,20,-0.1978,0.35945,0,0.00461,source_point,Figure 5,JPL-20 SWT
1.65,0.724,-15,0.039754,-0.1528,0.2811,15,-0.1528,0.28571,0,0.00461,source_point,Figure 5,JPL-20 SWT
1.65,0.724,-10,0.01205,-0.1079,0.17511,10,-0.1079,0.17972,0,0.00461,source_point,Figure 5,JPL-20 SWT
1.65,0.724,-5,-0.009711,-0.0539,0.06451,5,-0.0539,0.06912,0,0.00461,source_point,Figure 5,JPL-20 SWT
1.65,0.724,0,0,0,0,0,0,0.00461,0,0.00461,source_point,Figure 5,JPL-20 SWT
1.65,0.724,5,0.009711,0.0539,-0.06451,5,-0.0539,0.06912,0,0.00461,source_point,Figure 5,JPL-20 SWT
1.65,0.724,10,-0.01205,0.1079,-0.17511,10,-0.1079,0.17972,0,0.00461,source_point,Figure 5,JPL-20 SWT
1.65,0.724,15,-0.039754,0.1528,-0.2811,15,-0.1528,0.28571,0,0.00461,source_point,Figure 5,JPL-20 SWT
1.65,0.724,20,-0.045265,0.1978,-0.35484,20,-0.1978,0.35945,0,0.00461,source_point,Figure 5,JPL-20 SWT
1.65,0.724,25,-0.044555,0.2427,-0.41935,25,-0.2427,0.42396,0,0.00461,source_point,Figure 5,JPL-20 SWT
1.65,0.724,30,-0.034377,0.2876,-0.47004,30,-0.2876,0.47465,0,0.00461,source_point,Figure 5,JPL-20 SWT
1.65,0.724,35,-0.054956,0.327,-0.5576,35,-0.327,0.56221,0,0.00461,source_point,Figure 5,JPL-20 SWT
1.65,0.724,40,-0.06301,0.3663,-0.62673,40,-0.3663,0.63134,0,0.00461,source_point,Figure 5,JPL-20 SWT
1.65,0.724,45,-0.061833,0.4022,-0.67742,45,-0.4022,0.68203,0,0.00461,source_point,Figure 5,JPL-20 SWT
1.65,0.724,50,-0.01005,0.4382,-0.65438,50,-0.4382,0.65899,0,0.00461,source_point,Figure 5,JPL-20 SWT
1.65,0.724,55,-0.021173,0.4618,-0.70507,55,-0.4618,0.70968,0,0.00461,source_point,Figure 5,JPL-20 SWT
1.65,0.724,60,-0.00704,0.4854,-0.71889,60,-0.4854,0.7235,0,0.00461,source_point,Figure 5,JPL-20 SWT
1.65,0.724,65,0.019085,0.4989,-0.70046,65,-0.4989,0.70507,0,0.00461,source_point,Figure 5,JPL-20 SWT
1.65,0.724,70,0.042058,0.5124,-0.68663,70,-0.5124,0.69124,0,0.00461,source_point,Figure 5,JPL-20 SWT
1.65,0.724,75,0.017027,0.5,-0.70507,75,-0.5,0.70968,0,0.00461,source_point,Figure 5,JPL-20 SWT
1.65,0.724,80,0.03935,0.4876,-0.65438,80,-0.4876,0.65899,0,0.00461,source_point,Figure 5,JPL-20 SWT
1.65,0.724,85,0.028623,0.4674,-0.64055,85,-0.4674,0.64516,0,0.00461,source_point,Figure 5,JPL-20 SWT
1.65,0.724,90,0.008423,0.4472,-0.64055,90,-0.4472,0.64516,0,0.00461,source_point,Figure 5,JPL-20 SWT
2.41,0.724,-90,0.007294,-0.4157,0.61751,90,-0.4045,0.59447,0.0112,-0.02304,source_point,Figure 5,JPL-20 SWT
2.41,0.724,-85,-0.001865,-0.4438,0.64516,85,-0.4326,0.62212,0.0112,-0.02304,source_point,Figure 5,JPL-20 SWT
2.41,0.724,-80,-0.020499,-0.4719,0.65898,80,-0.4607,0.63594,0.0112,-0.02304,source_point,Figure 5,JPL-20 SWT
2.41,0.724,-75,-0.016867,-0.4809,0.67742,75,-0.4697,0.65438,0.0112,-0.02304,source_point,Figure 5,JPL-20 SWT
2.41,0.724,-70,-0.022709,-0.4899,0.68203,70,-0.4787,0.65899,0.0112,-0.02304,source_point,Figure 5,JPL-20 SWT
2.41,0.724,-65,-0.010943,-0.4876,0.69585,65,-0.4764,0.67281,0.0112,-0.02304,source_point,Figure 5,JPL-20 SWT
2.41,0.724,-60,-0.011901,-0.4854,0.69124,60,-0.4742,0.6682,0.0112,-0.02304,source_point,Figure 5,JPL-20 SWT
2.41,0.724,-55,-0.011167,-0.4752,0.67742,55,-0.464,0.65438,0.0112,-0.02304,source_point,Figure 5,JPL-20 SWT
2.41,0.724,-50,-0.004225,-0.4651,0.67281,50,-0.4539,0.64977,0.0112,-0.02304,source_point,Figure 5,JPL-20 SWT
2.41,0.724,-45,0.005077,-0.4337,0.64055,45,-0.4225,0.61751,0.0112,-0.02304,source_point,Figure 5,JPL-20 SWT
2.41,0.724,-40,0.017636,-0.4022,0.6129,40,-0.391,0.58986,0.0112,-0.02304,source_point,Figure 5,JPL-20 SWT
2.41,0.724,-35,0.016856,-0.3651,0.5576,35,-0.3539,0.53456,0.0112,-0.02304,source_point,Figure 5,JPL-20 SWT
2.41,0.724,-30,0.028607,-0.3281,0.52074,30,-0.3169,0.4977,0.0112,-0.02304,source_point,Figure 5,JPL-20 SWT
2.41,0.724,-25,0.046777,-0.2752,0.47004,25,-0.264,0.447,0.0112,-0.02304,source_point,Figure 5,JPL-20 SWT
2.41,0.724,-20,0.049072,-0.2224,0.39631,20,-0.2112,0.37327,0.0112,-0.02304,source_point,Figure 5,JPL-20 SWT
2.41,0.724,-15,0.049309,-0.1685,0.31797,15,-0.1573,0.29493,0.0112,-0.02304,source_point,Figure 5,JPL-20 SWT
2.41,0.724,-10,0.033764,-0.1146,0.21659,10,-0.1034,0.19355,0.0112,-0.02304,source_point,Figure 5,JPL-20 SWT
2.41,0.724,-5,0.015303,-0.0573,0.10599,5,-0.0461,0.08295,0.0112,-0.02304,source_point,Figure 5,JPL-20 SWT
2.41,0.724,0,0,0,0,0,0.0112,-0.02304,0.0112,-0.02304,source_point,Figure 5,JPL-20 SWT
2.41,0.724,5,-0.015303,0.0573,-0.10599,5,-0.0461,0.08295,0.0112,-0.02304,source_point,Figure 5,JPL-20 SWT
2.41,0.724,10,-0.033764,0.1146,-0.21659,10,-0.1034,0.19355,0.0112,-0.02304,source_point,Figure 5,JPL-20 SWT
2.41,0.724,15,-0.049309,0.1685,-0.31797,15,-0.1573,0.29493,0.0112,-0.02304,source_point,Figure 5,JPL-20 SWT
2.41,0.724,20,-0.049072,0.2224,-0.39631,20,-0.2112,0.37327,0.0112,-0.02304,source_point,Figure 5,JPL-20 SWT
2.41,0.724,25,-0.046777,0.2752,-0.47004,25,-0.264,0.447,0.0112,-0.02304,source_point,Figure 5,JPL-20 SWT
2.41,0.724,30,-0.028607,0.3281,-0.52074,30,-0.3169,0.4977,0.0112,-0.02304,source_point,Figure 5,JPL-20 SWT
2.41,0.724,35,-0.016856,0.3651,-0.5576,35,-0.3539,0.53456,0.0112,-0.02304,source_point,Figure 5,JPL-20 SWT
2.41,0.724,40,-0.017636,0.4022,-0.6129,40,-0.391,0.58986,0.0112,-0.02304,source_point,Figure 5,JPL-20 SWT
2.41,0.724,45,-0.005077,0.4337,-0.64055,45,-0.4225,0.61751,0.0112,-0.02304,source_point,Figure 5,JPL-20 SWT
2.41,0.724,50,0.004225,0.4651,-0.67281,50,-0.4539,0.64977,0.0112,-0.02304,source_point,Figure 5,JPL-20 SWT
2.41,0.724,55,0.011167,0.4752,-0.67742,55,-0.464,0.65438,0.0112,-0.02304,source_point,Figure 5,JPL-20 SWT
2.41,0.724,60,0.011901,0.4854,-0.69124,60,-0.4742,0.6682,0.0112,-0.02304,source_point,Figure 5,JPL-20 SWT
2.41,0.724,65,0.010943,0.4876,-0.69585,65,-0.4764,0.67281,0.0112,-0.02304,source_point,Figure 5,JPL-20 SWT
2.41,0.724,70,0.022709,0.4899,-0.68203,70,-0.4787,0.65899,0.0112,-0.02304,source_point,Figure 5,JPL-20 SWT
2.41,0.724,75,0.016867,0.4809,-0.67742,75,-0.4697,0.65438,0.0112,-0.02304,source_point,Figure 5,JPL-20 SWT
2.41,0.724,80,0.020499,0.4719,-0.65898,80,-0.4607,0.63594,0.0112,-0.02304,source_point,Figure 5,JPL-20 SWT
2.41,0.724,85,0.001865,0.4438,-0.64516,85,-0.4326,0.62212,0.0112,-0.02304,source_point,Figure 5,JPL-20 SWT
2.41,0.724,90,-0.007294,0.4157,-0.61751,90,-0.4045,0.59447,0.0112,-0.02304,source_point,Figure 5,JPL-20 SWT
2.49,0.79,-90,-0.066113,-0.4607,0.57604,90,-0.4562,0.60369,0.0045,0.02765,source_point,Figure 5,NAA-SAL
2.49,0.79,-85,-0.06399,-0.4933,0.62673,85,-0.4888,0.65438,0.0045,0.02765,source_point,Figure 5,NAA-SAL
2.49,0.79,-80,-0.080708,-0.5258,0.64977,80,-0.5213,0.67742,0.0045,0.02765,source_point,Figure 5,NAA-SAL
2.49,0.79,-75,-0.091541,-0.5461,0.66359,75,-0.5416,0.69124,0.0045,0.02765,source_point,Figure 5,NAA-SAL
2.49,0.79,-70,-0.105425,-0.5663,0.67281,70,-0.5618,0.70046,0.0045,0.02765,source_point,Figure 5,NAA-SAL
2.49,0.79,-65,-0.102983,-0.5607,0.6682,65,-0.5562,0.69585,0.0045,0.02765,source_point,Figure 5,NAA-SAL
2.49,0.79,-60,-0.103692,-0.5551,0.65899,60,-0.5506,0.68664,0.0045,0.02765,source_point,Figure 5,NAA-SAL
2.49,0.79,-55,-0.085692,-0.5371,0.65899,55,-0.5326,0.68664,0.0045,0.02765,source_point,Figure 5,NAA-SAL
2.49,0.79,-50,-0.086632,-0.5191,0.63134,50,-0.5146,0.65899,0.0045,0.02765,source_point,Figure 5,NAA-SAL
2.49,0.79,-45,-0.046381,-0.482,0.63594,45,-0.4775,0.66359,0.0045,0.02765,source_point,Figure 5,NAA-SAL
2.49,0.79,-40,-0.01559,-0.4449,0.62673,40,-0.4404,0.65438,0.0045,0.02765,source_point,Figure 5,NAA-SAL
2.49,0.79,-35,-0.002504,-0.4034,0.58525,35,-0.3989,0.6129,0.0045,0.02765,source_point,Figure 5,NAA-SAL
2.49,0.79,-30,-0.011409,-0.3618,0.51152,30,-0.3573,0.53917,0.0045,0.02765,source_point,Figure 5,NAA-SAL
2.49,0.79,-25,0.018435,-0.3067,0.47465,25,-0.3022,0.5023,0.0045,0.02765,source_point,Figure 5,NAA-SAL
2.49,0.79,-20,0.013464,-0.2517,0.3871,20,-0.2472,0.41475,0.0045,0.02765,source_point,Figure 5,NAA-SAL
2.49,0.79,-15,0.005185,-0.2,0.29954,15,-0.1955,0.32719,0.0045,0.02765,source_point,Figure 5,NAA-SAL
2.49,0.79,-10,-0.015718,-0.1483,0.19355,10,-0.1438,0.2212,0.0045,0.02765,source_point,Figure 5,NAA-SAL
2.49,0.79,-5,-0.004755,-0.0742,0.10138,5,-0.0697,0.12903,0.0045,0.02765,source_point,Figure 5,NAA-SAL
2.49,0.79,0,0,0,0,0,0.0045,0.02765,0.0045,0.02765,source_point,Figure 5,NAA-SAL
2.49,0.79,5,0.004755,0.0742,-0.10138,5,-0.0697,0.12903,0.0045,0.02765,source_point,Figure 5,NAA-SAL
2.49,0.79,10,0.015718,0.1483,-0.19355,10,-0.1438,0.2212,0.0045,0.02765,source_point,Figure 5,NAA-SAL
2.49,0.79,15,-0.005185,0.2,-0.29954,15,-0.1955,0.32719,0.0045,0.02765,source_point,Figure 5,NAA-SAL
2.49,0.79,20,-0.013464,0.2517,-0.3871,20,-0.2472,0.41475,0.0045,0.02765,source_point,Figure 5,NAA-SAL
2.49,0.79,25,-0.018435,0.3067,-0.47465,25,-0.3022,0.5023,0.0045,0.02765,source_point,Figure 5,NAA-SAL
2.49,0.79,30,0.011409,0.3618,-0.51152,30,-0.3573,0.53917,0.0045,0.02765,source_point,Figure 5,NAA-SAL
2.49,0.79,35,0.002504,0.4034,-0.58525,35,-0.3989,0.6129,0.0045,0.02765,source_point,Figure 5,NAA-SAL
2.49,0.79,40,0.01559,0.4449,-0.62673,40,-0.4404,0.65438,0.0045,0.02765,source_point,Figure 5,NAA-SAL
2.49,0.79,45,0.046381,0.482,-0.63594,45,-0.4775,0.66359,0.0045,0.02765,source_point,Figure 5,NAA-SAL
2.49,0.79,50,0.086632,0.5191,-0.63134,50,-0.5146,0.65899,0.0045,0.02765,source_point,Figure 5,NAA-SAL
2.49,0.79,55,0.085692,0.5371,-0.65899,55,-0.5326,0.68664,0.0045,0.02765,source_point,Figure 5,NAA-SAL
2.49,0.79,60,0.103692,0.5551,-0.65899,60,-0.5506,0.68664,0.0045,0.02765,source_point,Figure 5,NAA-SAL
2.49,0.79,65,0.102983,0.5607,-0.6682,65,-0.5562,0.69585,0.0045,0.02765,source_point,Figure 5,NAA-SAL
2.49,0.79,70,0.105425,0.5663,-0.67281,70,-0.5618,0.70046,0.0045,0.02765,source_point,Figure 5,NAA-SAL
2.49,0.79,75,0.091541,0.5461,-0.66359,75,-0.5416,0.69124,0.0045,0.02765,source_point,Figure 5,NAA-SAL
2.49,0.79,80,0.080708,0.5258,-0.64977,80,-0.5213,0.67742,0.0045,0.02765,source_point,Figure 5,NAA-SAL
2.49,0.79,85,0.06399,0.4933,-0.62673,85,-0.4888,0.65438,0.0045,0.02765,source_point,Figure 5,NAA-SAL
2.49,0.79,90,0.066113,0.4607,-0.57604,90,-0.4562,0.60369,0.0045,0.02765,source_point,Figure 5,NAA-SAL
3.27,0.54,-90,-0.003048,-0.4292,0.62212,90,-0.4247,0.62673,0.0045,0.00461,source_point,Figure 5,NAA-SAL
3.27,0.54,-85,-0.025323,-0.4641,0.64055,85,-0.4596,0.64516,0.0045,0.00461,source_point,Figure 5,NAA-SAL
3.27,0.54,-80,-0.041183,-0.4989,0.6682,80,-0.4944,0.67281,0.0045,0.00461,source_point,Figure 5,NAA-SAL
3.27,0.54,-75,-0.053967,-0.518,0.67742,75,-0.5135,0.68203,0.0045,0.00461,source_point,Figure 5,NAA-SAL
3.27,0.54,-70,-0.066758,-0.5371,0.68663,70,-0.5326,0.69124,0.0045,0.00461,source_point,Figure 5,NAA-SAL
3.27,0.54,-65,-0.065801,-0.5393,0.69124,65,-0.5348,0.69585,0.0045,0.00461,source_point,Figure 5,NAA-SAL
3.27,0.54,-60,-0.074409,-0.5416,0.68203,60,-0.5371,0.68664,0.0045,0.00461,source_point,Figure 5,NAA-SAL
3.27,0.54,-55,-0.053501,-0.527,0.69124,55,-0.5225,0.69585,0.0045,0.00461,source_point,Figure 5,NAA-SAL
3.27,0.54,-50,-0.060999,-0.5124,0.65898,50,-0.5079,0.66359,0.0045,0.00461,source_point,Figure 5,NAA-SAL
3.27,0.54,-45,-0.023183,-0.4809,0.6682,45,-0.4764,0.67281,0.0045,0.00461,source_point,Figure 5,NAA-SAL
3.27,0.54,-40,0.020942,-0.4494,0.68663,40,-0.4449,0.69124,0.0045,0.00461,source_point,Figure 5,NAA-SAL
3.27,0.54,-35,0.006579,-0.4101,0.60829,35,-0.4056,0.6129,0.0045,0.00461,source_point,Figure 5,NAA-SAL
3.27,0.54,-30,0.011156,-0.3708,0.5576,30,-0.3663,0.56221,0.0045,0.00461,source_point,Figure 5,NAA-SAL
3.27,0.54,-25,0.031676,-0.3124,0.5023,25,-0.3079,0.50691,0.0045,0.00461,source_point,Figure 5,NAA-SAL
3.27,0.54,-20,0.03967,-0.2539,0.42857,20,-0.2494,0.43318,0.0045,0.00461,source_point,Figure 5,NAA-SAL
3.27,0.54,-15,0.029334,-0.2011,0.3364,15,-0.1966,0.34101,0.0045,0.00461,source_point,Figure 5,NAA-SAL
3.27,0.54,-10,0.009531,-0.1483,0.23041,10,-0.1438,0.23502,0.0045,0.00461,source_point,Figure 5,NAA-SAL
3.27,0.54,-5,0.00787,-0.0742,0.11981,5,-0.0697,0.12442,0.0045,0.00461,source_point,Figure 5,NAA-SAL
3.27,0.54,0,0,0,0,0,0.0045,0.00461,0.0045,0.00461,source_point,Figure 5,NAA-SAL
3.27,0.54,5,-0.00787,0.0742,-0.11981,5,-0.0697,0.12442,0.0045,0.00461,source_point,Figure 5,NAA-SAL
3.27,0.54,10,-0.009531,0.1483,-0.23041,10,-0.1438,0.23502,0.0045,0.00461,source_point,Figure 5,NAA-SAL
3.27,0.54,15,-0.029334,0.2011,-0.3364,15,-0.1966,0.34101,0.0045,0.00461,source_point,Figure 5,NAA-SAL
3.27,0.54,20,-0.03967,0.2539,-0.42857,20,-0.2494,0.43318,0.0045,0.00461,source_point,Figure 5,NAA-SAL
3.27,0.54,25,-0.031676,0.3124,-0.5023,25,-0.3079,0.50691,0.0045,0.00461,source_point,Figure 5,NAA-SAL
3.27,0.54,30,-0.011156,0.3708,-0.5576,30,-0.3663,0.56221,0.0045,0.00461,source_point,Figure 5,NAA-SAL
3.27,0.54,35,-0.006579,0.4101,-0.60829,35,-0.4056,0.6129,0.0045,0.00461,source_point,Figure 5,NAA-SAL
3.27,0.54,40,-0.020942,0.4494,-0.68663,40,-0.4449,0.69124,0.0045,0.00461,source_point,Figure 5,NAA-SAL
3.27,0.54,45,0.023183,0.4809,-0.6682,45,-0.4764,0.67281,0.0045,0.00461,source_point,Figure 5,NAA-SAL
3.27,0.54,50,0.060999,0.5124,-0.65898,50,-0.5079,0.66359,0.0045,0.00461,source_point,Figure 5,NAA-SAL
3.27,0.54,55,0.053501,0.527,-0.69124,55,-0.5225,0.69585,0.0045,0.00461,source_point,Figure 5,NAA-SAL
3.27,0.54,60,0.074409,0.5416,-0.68203,60,-0.5371,0.68664,0.0045,0.00461,source_point,Figure 5,NAA-SAL
3.27,0.54,65,0.065801,0.5393,-0.69124,65,-0.5348,0.69585,0.0045,0.00461,source_point,Figure 5,NAA-SAL
3.27,0.54,70,0.066758,0.5371,-0.68663,70,-0.5326,0.69124,0.0045,0.00461,source_point,Figure 5,NAA-SAL
3.27,0.54,75,0.053967,0.518,-0.67742,75,-0.5135,0.68203,0.0045,0.00461,source_point,Figure 5,NAA-SAL
3.27,0.54,80,0.041183,0.4989,-0.6682,80,-0.4944,0.67281,0.0045,0.00461,source_point,Figure 5,NAA-SAL
3.27,0.54,85,0.025323,0.4641,-0.64055,85,-0.4596,0.64516,0.0045,0.00461,source_point,Figure 5,NAA-SAL
3.27,0.54,90,0.003048,0.4292,-0.62212,90,-0.4247,0.62673,0.0045,0.00461,source_point,Figure 5,NAA-SAL
3.99,1.078,-90,-0.003847,-0.4061,0.58723,90,-0.4042,0.59574,0.0019,0.00851,source_point,Figure 6,
3.99,1.078,-85,-0.009941,-0.4326,0.61702,85,-0.4307,0.62553,0.0019,0.00851,source_point,Figure 6,
3.99,1.078,-80,-0.030712,-0.4592,0.62553,80,-0.4573,0.63404,0.0019,0.00851,source_point,Figure 6,
3.99,1.078,-75,-0.023624,-0.4696,0.65106,75,-0.4677,0.65957,0.0019,0.00851,source_point,Figure 6,
3.99,1.078,-70,-0.022458,-0.4801,0.66809,70,-0.4782,0.6766,0.0019,0.00851,source_point,Figure 6,
3.99,1.078,-65,-0.021458,-0.4791,0.66809,65,-0.4772,0.6766,0.0019,0.00851,source_point,Figure 6,
3.99,1.078,-60,-0.017647,-0.4782,0.67234,60,-0.4763,0.68085,0.0019,0.00851,source_point,Figure 6,
3.99,1.078,-55,-0.014858,-0.4725,0.66809,55,-0.4706,0.6766,0.0019,0.00851,source_point,Figure 6,
3.99,1.078,-50,-0.006247,-0.4668,0.67234,50,-0.4649,0.68085,0.0019,0.00851,source_point,Figure 6,
3.99,1.078,-45,-0.001824,-0.4478,0.65106,45,-0.4459,0.65957,0.0019,0.00851,source_point,Figure 6,
3.99,1.078,-40,0.008436,-0.4288,0.6383,40,-0.4269,0.64681,0.0019,0.00851,source_point,Figure 6,
3.99,1.078,-35,0.019347,-0.4004,0.61277,35,-0.3985,0.62128,0.0019,0.00851,source_point,Figure 6,
3.99,1.078,-30,-0.016282,-0.3719,0.51915,30,-0.37,0.52766,0.0019,0.00851,source_point,Figure 6,
3.99,1.078,-25,-0.022629,-0.3491,0.4766,25,-0.3472,0.48511,0.0019,0.00851,source_point,Figure 6,
3.99,1.078,-20,-0.046571,-0.3264,0.40851,20,-0.3245,0.41702,0.0019,0.00851,source_point,Figure 6,
3.99,1.078,-15,-0.04153,-0.2514,0.30638,15,-0.2495,0.31489,0.0019,0.00851,source_point,Figure 6,
3.99,1.078,-10,-0.013264,-0.1765,0.2383,10,-0.1746,0.24681,0.0019,0.00851,source_point,Figure 6,
3.99,1.078,-5,-0.026988,-0.0882,0.08936,5,-0.0863,0.09787,0.0019,0.00851,source_point,Figure 6,
3.99,1.078,0,0,0,0,0,0.0019,0.00851,0.0019,0.00851,source_point,Figure 6,
3.99,1.078,5,0.026988,0.0882,-0.08936,5,-0.0863,0.09787,0.0019,0.00851,source_point,Figure 6,
3.99,1.078,10,0.013264,0.1765,-0.2383,10,-0.1746,0.24681,0.0019,0.00851,source_point,Figure 6,
3.99,1.078,15,0.04153,0.2514,-0.30638,15,-0.2495,0.31489,0.0019,0.00851,source_point,Figure 6,
3.99,1.078,20,0.046571,0.3264,-0.40851,20,-0.3245,0.41702,0.0019,0.00851,source_point,Figure 6,
3.99,1.078,25,0.022629,0.3491,-0.4766,25,-0.3472,0.48511,0.0019,0.00851,source_point,Figure 6,
3.99,1.078,30,0.016282,0.3719,-0.51915,30,-0.37,0.52766,0.0019,0.00851,source_point,Figure 6,
3.99,1.078,35,-0.019347,0.4004,-0.61277,35,-0.3985,0.62128,0.0019,0.00851,source_point,Figure 6,
3.99,1.078,40,-0.008436,0.4288,-0.6383,40,-0.4269,0.64681,0.0019,0.00851,source_point,Figure 6,
3.99,1.078,45,0.001824,0.4478,-0.65106,45,-0.4459,0.65957,0.0019,0.00851,source_point,Figure 6,
3.99,1.078,50,0.006247,0.4668,-0.67234,50,-0.4649,0.68085,0.0019,0.00851,source_point,Figure 6,
3.99,1.078,55,0.014858,0.4725,-0.66809,55,-0.4706,0.6766,0.0019,0.00851,source_point,Figure 6,
3.99,1.078,60,0.017647,0.4782,-0.67234,60,-0.4763,0.68085,0.0019,0.00851,source_point,Figure 6,
3.99,1.078,65,0.021458,0.4791,-0.66809,65,-0.4772,0.6766,0.0019,0.00851,source_point,Figure 6,
3.99,1.078,70,0.022458,0.4801,-0.66809,70,-0.4782,0.6766,0.0019,0.00851,source_point,Figure 6,
3.99,1.078,75,0.023624,0.4696,-0.65106,75,-0.4677,0.65957,0.0019,0.00851,source_point,Figure 6,
3.99,1.078,80,0.030712,0.4592,-0.62553,80,-0.4573,0.63404,0.0019,0.00851,source_point,Figure 6,
3.99,1.078,85,0.009941,0.4326,-0.61702,85,-0.4307,0.62553,0.0019,0.00851,source_point,Figure 6,
3.99,1.078,90,0.003847,0.4061,-0.58723,90,-0.4042,0.59574,0.0019,0.00851,source_point,Figure 6,
5,0.764,-90,-0.004988,-0.3985,0.57447,90,-0.3985,0.58298,0,0.00851,source_point,Figure 6,
5,0.764,-85,-0.009182,-0.4231,0.60426,85,-0.4231,0.61277,0,0.00851,source_point,Figure 6,
5,0.764,-80,-0.022223,-0.4478,0.62128,80,-0.4478,0.62979,0,0.00851,source_point,Figure 6,
5,0.764,-75,-0.016135,-0.4592,0.64681,75,-0.4592,0.65532,0,0.00851,source_point,Figure 6,
5,0.764,-70,-0.012958,-0.4706,0.66809,70,-0.4706,0.6766,0,0.00851,source_point,Figure 6,
5,0.764,-65,-0.008029,-0.4715,0.6766,65,-0.4715,0.68511,0,0.00851,source_point,Figure 6,
5,0.764,-60,-0.011947,-0.4725,0.67234,60,-0.4725,0.68085,0,0.00851,source_point,Figure 6,
5,0.764,-55,-0.009047,-0.4696,0.67234,55,-0.4696,0.68085,0,0.00851,source_point,Figure 6,
5,0.764,-50,-0.044141,-0.4668,0.61702,50,-0.4668,0.62553,0,0.00851,source_point,Figure 6,
5,0.764,-45,-0.012335,-0.4554,0.64681,45,-0.4554,0.65532,0,0.00851,source_point,Figure 6,
5,0.764,-40,-0.047577,-0.444,0.57872,40,-0.444,0.58723,0,0.00851,source_point,Figure 6,
5,0.764,-35,-0.050865,-0.4298,0.55319,35,-0.4298,0.5617,0,0.00851,source_point,Figure 6,
5,0.764,-30,-0.057071,-0.4156,0.5234,30,-0.4156,0.53191,0,0.00851,source_point,Figure 6,
5,0.764,-25,-0.0406,-0.3729,0.48511,25,-0.3729,0.49362,0,0.00851,source_point,Figure 6,
5,0.764,-20,-0.041623,-0.3302,0.42128,20,-0.3302,0.42979,0,0.00851,source_point,Figure 6,
5,0.764,-15,-0.030882,-0.2495,0.31915,15,-0.2495,0.32766,0,0.00851,source_point,Figure 6,
5,0.764,-10,-0.0319,-0.1689,0.2,10,-0.1689,0.20851,0,0.00851,source_point,Figure 6,
5,0.764,-5,-0.023188,-0.0844,0.08936,5,-0.0844,0.09787,0,0.00851,source_point,Figure 6,
5,0.764,0,0,0,0,0,0,0.00851,0,0.00851,source_point,Figure 6,
5,0.764,5,0.023188,0.0844,-0.08936,5,-0.0844,0.09787,0,0.00851,source_point,Figure 6,
5,0.764,10,0.0319,0.1689,-0.2,10,-0.1689,0.20851,0,0.00851,source_point,Figure 6,
5,0.764,15,0.030882,0.2495,-0.31915,15,-0.2495,0.32766,0,0.00851,source_point,Figure 6,
5,0.764,20,0.041623,0.3302,-0.42128,20,-0.3302,0.42979,0,0.00851,source_point,Figure 6,
5,0.764,25,0.0406,0.3729,-0.48511,25,-0.3729,0.49362,0,0.00851,source_point,Figure 6,
5,0.764,30,0.057071,0.4156,-0.5234,30,-0.4156,0.53191,0,0.00851,source_point,Figure 6,
5,0.764,35,0.050865,0.4298,-0.55319,35,-0.4298,0.5617,0,0.00851,source_point,Figure 6,
5,0.764,40,0.047577,0.444,-0.57872,40,-0.444,0.58723,0,0.00851,source_point,Figure 6,
5,0.764,45,0.012335,0.4554,-0.64681,45,-0.4554,0.65532,0,0.00851,source_point,Figure 6,
5,0.764,50,0.044141,0.4668,-0.61702,50,-0.4668,0.62553,0,0.00851,source_point,Figure 6,
5,0.764,55,0.009047,0.4696,-0.67234,55,-0.4696,0.68085,0,0.00851,source_point,Figure 6,
5,0.764,60,0.011947,0.4725,-0.67234,60,-0.4725,0.68085,0,0.00851,source_point,Figure 6,
5,0.764,65,0.008029,0.4715,-0.6766,65,-0.4715,0.68511,0,0.00851,source_point,Figure 6,
5,0.764,70,0.012958,0.4706,-0.66809,70,-0.4706,0.6766,0,0.00851,source_point,Figure 6,
5,0.764,75,0.016135,0.4592,-0.64681,75,-0.4592,0.65532,0,0.00851,source_point,Figure 6,
5,0.764,80,0.022223,0.4478,-0.62128,80,-0.4478,0.62979,0,0.00851,source_point,Figure 6,
5,0.764,85,0.009182,0.4231,-0.60426,85,-0.4231,0.61277,0,0.00851,source_point,Figure 6,
5,0.764,90,0.004988,0.3985,-0.57447,90,-0.3985,0.58298,0,0.00851,source_point,Figure 6,
7.3,0.884,-90,-0.005999,-0.3966,0.57022,90,-0.3947,0.54043,0.0019,-0.02979,source_point,Figure 6,
7.3,0.884,-85,0.023024,-0.4317,0.66383,85,-0.4298,0.63404,0.0019,-0.02979,source_point,Figure 6,
7.3,0.884,-80,-0.035394,-0.4668,0.62979,80,-0.4649,0.6,0.0019,-0.02979,source_point,Figure 6,
7.3,0.884,-75,0.012636,-0.4829,0.72341,75,-0.481,0.69362,0.0019,-0.02979,source_point,Figure 6,
7.3,0.884,-70,-0.041458,-0.4991,0.66809,70,-0.4972,0.6383,0.0019,-0.02979,source_point,Figure 6,
7.3,0.884,-65,-0.003564,-0.4991,0.72341,65,-0.4972,0.69362,0.0019,-0.02979,source_point,Figure 6,
7.3,0.884,-60,-0.009394,-0.4991,0.7149,60,-0.4972,0.68511,0.0019,-0.02979,source_point,Figure 6,
7.3,0.884,-55,-0.023988,-0.4962,0.68936,55,-0.4943,0.65957,0.0019,-0.02979,source_point,Figure 6,
7.3,0.884,-50,-0.003694,-0.4934,0.7149,50,-0.4915,0.68511,0.0019,-0.02979,source_point,Figure 6,
7.3,0.884,-45,0.002759,-0.4782,0.70213,45,-0.4763,0.67234,0.0019,-0.02979,source_point,Figure 6,
7.3,0.884,-40,0.0063,-0.463,0.68511,40,-0.4611,0.65532,0.0019,-0.02979,source_point,Figure 6,
7.3,0.884,-35,0.019224,-0.4355,0.66383,35,-0.4336,0.63404,0.0019,-0.02979,source_point,Figure 6,
7.3,0.884,-30,0.011747,-0.408,0.61277,30,-0.4061,0.58298,0.0019,-0.02979,source_point,Figure 6,
7.3,0.884,-25,0.016406,-0.3567,0.54468,25,-0.3548,0.51489,0.0019,-0.02979,source_point,Figure 6,
7.3,0.884,-20,0.012224,-0.3055,0.46383,20,-0.3036,0.43404,0.0019,-0.02979,source_point,Figure 6,
7.3,0.884,-15,0.029189,-0.2419,0.39575,15,-0.24,0.36596,0.0019,-0.02979,source_point,Figure 6,
7.3,0.884,-10,0.005242,-0.1784,0.26809,10,-0.1765,0.2383,0.0019,-0.02979,source_point,Figure 6,
7.3,0.884,-5,0.024483,-0.0892,0.16596,5,-0.0873,0.13617,0.0019,-0.02979,source_point,Figure 6,
7.3,0.884,0,0,0,0,0,0.0019,-0.02979,0.0019,-0.02979,source_point,Figure 6,
7.3,0.884,5,-0.024483,0.0892,-0.16596,5,-0.0873,0.13617,0.0019,-0.02979,source_point,Figure 6,
7.3,0.884,10,-0.005242,0.1784,-0.26809,10,-0.1765,0.2383,0.0019,-0.02979,source_point,Figure 6,
7.3,0.884,15,-0.029189,0.2419,-0.39575,15,-0.24,0.36596,0.0019,-0.02979,source_point,Figure 6,
7.3,0.884,20,-0.012224,0.3055,-0.46383,20,-0.3036,0.43404,0.0019,-0.02979,source_point,Figure 6,
7.3,0.884,25,-0.016406,0.3567,-0.54468,25,-0.3548,0.51489,0.0019,-0.02979,source_point,Figure 6,
7.3,0.884,30,-0.011747,0.408,-0.61277,30,-0.4061,0.58298,0.0019,-0.02979,source_point,Figure 6,
7.3,0.884,35,-0.019224,0.4355,-0.66383,35,-0.4336,0.63404,0.0019,-0.02979,source_point,Figure 6,
7.3,0.884,40,-0.0063,0.463,-0.68511,40,-0.4611,0.65532,0.0019,-0.02979,source_point,Figure 6,
7.3,0.884,45,-0.002759,0.4782,-0.70213,45,-0.4763,0.67234,0.0019,-0.02979,source_point,Figure 6,
7.3,0.884,50,0.003694,0.4934,-0.7149,50,-0.4915,0.68511,0.0019,-0.02979,source_point,Figure 6,
7.3,0.884,55,0.023988,0.4962,-0.68936,55,-0.4943,0.65957,0.0019,-0.02979,source_point,Figure 6,
7.3,0.884,60,0.009394,0.4991,-0.7149,60,-0.4972,0.68511,0.0019,-0.02979,source_point,Figure 6,
7.3,0.884,65,0.003564,0.4991,-0.72341,65,-0.4972,0.69362,0.0019,-0.02979,source_point,Figure 6,
7.3,0.884,70,0.041458,0.4991,-0.66809,70,-0.4972,0.6383,0.0019,-0.02979,source_point,Figure 6,
7.3,0.884,75,-0.012636,0.4829,-0.72341,75,-0.481,0.69362,0.0019,-0.02979,source_point,Figure 6,
7.3,0.884,80,0.035394,0.4668,-0.62979,80,-0.4649,0.6,0.0019,-0.02979,source_point,Figure 6,
7.3,0.884,85,-0.023024,0.4317,-0.66383,85,-0.4298,0.63404,0.0019,-0.02979,source_point,Figure 6,
7.3,0.884,90,0.005999,0.3966,-0.57022,90,-0.3947,0.54043,0.0019,-0.02979,source_point,Figure 6,
9,0.29,-90,-0.056189,-0.4118,0.51914,90,-0.4099,0.5234,0.0019,0.00426,source_point,Figure 6,
9,0.29,-85,-0.045806,-0.4364,0.57021,85,-0.4345,0.57447,0.0019,0.00426,source_point,Figure 6,
9,0.29,-80,-0.038441,-0.4611,0.61702,80,-0.4592,0.62128,0.0019,0.00426,source_point,Figure 6,
9,0.29,-75,-0.048712,-0.4772,0.62553,75,-0.4753,0.62979,0.0019,0.00426,source_point,Figure 6,
9,0.29,-70,-0.044513,-0.4934,0.65531,70,-0.4915,0.65957,0.0019,0.00426,source_point,Figure 6,
9,0.29,-65,-0.032847,-0.4934,0.67234,65,-0.4915,0.6766,0.0019,0.00426,source_point,Figure 6,
9,0.29,-60,-0.038676,-0.4934,0.66383,60,-0.4915,0.66809,0.0019,0.00426,source_point,Figure 6,
9,0.29,-55,-0.012588,-0.4848,0.68936,55,-0.4829,0.69362,0.0019,0.00426,source_point,Figure 6,
9,0.29,-50,-0.027413,-0.4763,0.65531,50,-0.4744,0.65957,0.0019,0.00426,source_point,Figure 6,
9,0.29,-45,-0.026783,-0.4611,0.63404,45,-0.4592,0.6383,0.0019,0.00426,source_point,Figure 6,
9,0.29,-40,-0.008671,-0.4459,0.63829,40,-0.444,0.64255,0.0019,0.00426,source_point,Figure 6,
9,0.29,-35,-0.011071,-0.4279,0.60851,35,-0.426,0.61277,0.0019,0.00426,source_point,Figure 6,
9,0.29,-30,-0.030965,-0.4099,0.55319,30,-0.408,0.55745,0.0019,0.00426,source_point,Figure 6,
9,0.29,-25,-0.051653,-0.3548,0.44255,25,-0.3529,0.44681,0.0019,0.00426,source_point,Figure 6,
9,0.29,-20,0.000429,-0.2998,0.43829,20,-0.2979,0.44255,0.0019,0.00426,source_point,Figure 6,
9,0.29,-15,-0.0253,-0.241,0.31489,15,-0.2391,0.31915,0.0019,0.00426,source_point,Figure 6,
9,0.29,-10,-0.024801,-0.1822,0.22978,10,-0.1803,0.23404,0.0019,0.00426,source_point,Figure 6,
9,0.29,-5,-0.026977,-0.0911,0.09361,5,-0.0892,0.09787,0.0019,0.00426,source_point,Figure 6,
9,0.29,0,0,0,0,0,0.0019,0.00426,0.0019,0.00426,source_point,Figure 6,
9,0.29,5,0.026977,0.0911,-0.09361,5,-0.0892,0.09787,0.0019,0.00426,source_point,Figure 6,
9,0.29,10,0.024801,0.1822,-0.22978,10,-0.1803,0.23404,0.0019,0.00426,source_point,Figure 6,
9,0.29,15,0.0253,0.241,-0.31489,15,-0.2391,0.31915,0.0019,0.00426,source_point,Figure 6,
9,0.29,20,-0.000429,0.2998,-0.43829,20,-0.2979,0.44255,0.0019,0.00426,source_point,Figure 6,
9,0.29,25,0.051653,0.3548,-0.44255,25,-0.3529,0.44681,0.0019,0.00426,source_point,Figure 6,
9,0.29,30,0.030965,0.4099,-0.55319,30,-0.408,0.55745,0.0019,0.00426,source_point,Figure 6,
9,0.29,35,0.011071,0.4279,-0.60851,35,-0.426,0.61277,0.0019,0.00426,source_point,Figure 6,
9,0.29,40,0.008671,0.4459,-0.63829,40,-0.444,0.64255,0.0019,0.00426,source_point,Figure 6,
9,0.29,45,0.026783,0.4611,-0.63404,45,-0.4592,0.6383,0.0019,0.00426,source_point,Figure 6,
9,0.29,50,0.027413,0.4763,-0.65531,50,-0.4744,0.65957,0.0019,0.00426,source_point,Figure 6,
9,0.29,55,0.012588,0.4848,-0.68936,55,-0.4829,0.69362,0.0019,0.00426,source_point,Figure 6,
9,0.29,60,0.038676,0.4934,-0.66383,60,-0.4915,0.66809,0.0019,0.00426,source_point,Figure 6,
9,0.29,65,0.032847,0.4934,-0.67234,65,-0.4915,0.6766,0.0019,0.00426,source_point,Figure 6,
9,0.29,70,0.044513,0.4934,-0.65531,70,-0.4915,0.65957,0.0019,0.00426,source_point,Figure 6,
9,0.29,75,0.048712,0.4772,-0.62553,75,-0.4753,0.62979,0.0019,0.00426,source_point,Figure 6,
9,0.29,80,0.038441,0.4611,-0.61702,80,-0.4592,0.62128,0.0019,0.00426,source_point,Figure 6,
9,0.29,85,0.045806,0.4364,-0.57021,85,-0.4345,0.57447,0.0019,0.00426,source_point,Figure 6,
9,0.29,90,0.056189,0.4118,-0.51914,90,-0.4099,0.5234,0.0019,0.00426,source_point,Figure 6,
