mach,reynolds_number_millions,angle_of_attack_deg,pitching_moment_coefficient_cg,normal_force_coefficient,axial_force_coefficient,pitching_moment_basis,normal_force_basis,axial_force_basis,figure_group,facility
0.4,1.078,0,0.0376,0.05319,0.58,source_point,source_point,source_point,Figure 4,
0.4,1.078,5,0.0341,0.12234,0.5775,source_point,source_point,source_point,Figure 4,
0.4,1.078,10,0.0282,0.17553,0.5575,source_point,source_point,source_point,Figure 4,
0.4,1.078,15,0.0247,0.23936,0.5175,source_point,source_point,source_point,Figure 4,
0.4,1.078,20,0.0247,0.28191,0.4825,source_point,source_point,source_point,Figure 4,
0.4,1.078,25,0.0241,0.32979,0.465,source_point,source_point,source_point,Figure 4,
0.4,1.078,30,0.0212,0.37234,0.425,source_point,source_point,source_point,Figure 4,
0.4,1.078,35,0.0188,0.40426,0.34,source_point,source_point,source_point,Figure 4,
0.4,1.078,40,0.0159,0.44149,0.2575,source_point,source_point,source_point,Figure 4,
0.4,1.078,45,0.0124,0.46277,0.19,source_point,source_point,source_point,Figure 4,
0.4,1.078,50,0.0088,0.48404,0.12,source_point,source_point,source_point,Figure 4,
0.4,1.078,55,0.0047,0.48404,0.0475,source_point,source_point,source_point,Figure 4,
0.4,1.078,60,-0.0018,0.48404,-0.02,source_point,source_point,source_point,Figure 4,
0.4,1.078,65,-0.0071,0.45745,-0.0825,source_point,source_point,source_point,Figure 4,
0.4,1.078,66,-0.0076,0.421987,-0.083,source_point,linear_angle_interpolation,linear_angle_interpolation,Figure 4,
0.4,1.078,67,-0.0094,0.386523,-0.0835,source_point,linear_angle_interpolation,linear_angle_interpolation,Figure 4,
0.4,1.078,68,-0.0112,0.35106,-0.084,source_point,source_point,linear_angle_interpolation,Figure 4,
0.4,1.078,69,-0.0153,0.11702,-0.0845,source_point,source_point,linear_angle_interpolation,Figure 4,
0.4,1.078,70,-0.0176,0.10106,-0.085,source_point,source_point,source_point,Figure 4,
0.4,1.078,70.1,-0.0824,0.101273,-0.08345,source_point,linear_angle_interpolation,linear_angle_interpolation,Figure 4,
0.4,1.078,71,-0.0876,0.103188,-0.0695,source_point,linear_angle_interpolation,linear_angle_interpolation,Figure 4,
0.4,1.078,72,-0.0806,0.105316,-0.054,source_point,linear_angle_interpolation,linear_angle_interpolation,Figure 4,
0.4,1.078,73,-0.08,0.107444,-0.0385,source_point,linear_angle_interpolation,linear_angle_interpolation,Figure 4,
0.4,1.078,74,-0.0812,0.109572,-0.023,source_point,linear_angle_interpolation,linear_angle_interpolation,Figure 4,
0.4,1.078,75,-0.0835,0.1117,-0.0075,source_point,source_point,source_point,Figure 4,
0.4,1.078,76,-0.0829,0.136168,-0.003,source_point,linear_angle_interpolation,linear_angle_interpolation,Figure 4,
0.4,1.078,77,-0.0818,0.160636,0.0015,source_point,linear_angle_interpolation,linear_angle_interpolation,Figure 4,
0.4,1.078,78,-0.0765,0.185104,0.006,source_point,linear_angle_interpolation,linear_angle_interpolation,Figure 4,
0.4,1.078,79,-0.0753,0.209572,0.0105,source_point,linear_angle_interpolation,linear_angle_interpolation,Figure 4,
0.4,1.078,80,-0.0735,0.23404,0.015,source_point,source_point,source_point,Figure 4,
0.4,1.078,81,-0.0718,0.246806,0.0055,source_point,linear_angle_interpolation,linear_angle_interpolation,Figure 4,
0.4,1.078,82,-0.0688,0.259572,-0.004,source_point,linear_angle_interpolation,linear_angle_interpolation,Figure 4,
0.4,1.078,83,-0.0665,0.272338,-0.0135,source_point,linear_angle_interpolation,linear_angle_interpolation,Figure 4,
0.4,1.078,84,-0.0659,0.285104,-0.023,source_point,linear_angle_interpolation,linear_angle_interpolation,Figure 4,
0.4,1.078,85,-0.0647,0.29787,-0.0325,source_point,source_point,source_point,Figure 4,
0.4,1.078,90,-0.0512,0.29787,-0.0875,source_point,source_point,source_point,Figure 4,
0.4,1.078,95,-0.0382,0.28723,-0.1675,source_point,source_point,source_point,Figure 4,
0.4,1.078,100,-0.0265,0.26596,-0.25,source_point,source_point,source_point,Figure 4,
0.4,1.078,105,-0.0147,0.23936,-0.3225,source_point,source_point,source_point,Figure 4,
0.4,1.078,110,-0.0035,0.20213,-0.4,source_point,source_point,source_point,Figure 4,
0.4,1.078,115,0.0071,0.17021,-0.48,source_point,source_point,source_point,Figure 4,
0.4,1.078,120,0.0182,0.13298,-0.56,source_point,source_point,source_point,Figure 4,
0.4,1.078,125,0.0271,0.08511,-0.645,source_point,source_point,source_point,Figure 4,
0.4,1.078,130,0.0341,0.04787,-0.7425,source_point,source_point,source_point,Figure 4,
0.4,1.078,135,0.0365,0.03191,-0.8575,source_point,source_point,source_point,Figure 4,
0.4,1.078,140,0.0212,0.03191,-0.9725,source_point,source_point,source_point,Figure 4,
0.4,1.078,145,0.0141,0.04255,-1.035,source_point,source_point,source_point,Figure 4,
0.4,1.078,150,0.0047,0.01596,-1.0525,source_point,source_point,source_point,Figure 4,
0.4,1.078,155,-0.0076,-0.01596,-1.0775,source_point,source_point,source_point,Figure 4,
0.4,1.078,160,-0.0135,-0.05851,-1.0975,source_point,source_point,source_point,Figure 4,
0.4,1.078,165,-0.0241,-0.03191,-1.0975,source_point,source_point,source_point,Figure 4,
0.4,1.078,170,-0.0353,-0.04255,-1.095,source_point,source_point,source_point,Figure 4,
0.4,1.078,175,-0.0482,-0.04255,-1.1,source_point,source_point,source_point,Figure 4,
0.4,1.078,180,-0.0618,-0.01596,-1.1075,source_point,source_point,source_point,Figure 4,
0.7,1.078,0,0.04,0.04255,0.62,source_point,source_point,source_point,Figure 4,
0.7,1.078,2,0.04,0.05851,0.622,linear_angle_interpolation,source_point,linear_angle_interpolation,Figure 4,
0.7,1.078,5,0.04,0.093616,0.625,source_point,linear_angle_interpolation,source_point,Figure 4,
0.7,1.078,7,0.03928,0.11702,0.622,linear_angle_interpolation,source_point,linear_angle_interpolation,Figure 4,
0.7,1.078,10,0.0382,0.15851,0.6175,source_point,linear_angle_interpolation,source_point,Figure 4,
0.7,1.078,12,0.03492,0.18617,0.6125,linear_angle_interpolation,source_point,linear_angle_interpolation,Figure 4,
0.7,1.078,15,0.03,0.230852,0.605,source_point,linear_angle_interpolation,source_point,Figure 4,
0.7,1.078,17,0.03096,0.26064,0.587,linear_angle_interpolation,source_point,linear_angle_interpolation,Figure 4,
0.7,1.078,20,0.0324,0.29787,0.56,source_point,source_point,source_point,Figure 4,
0.7,1.078,22,0.03004,0.32979,0.531,linear_angle_interpolation,source_point,linear_angle_interpolation,Figure 4,
0.7,1.078,25,0.0265,0.364896,0.4875,source_point,linear_angle_interpolation,source_point,Figure 4,
0.7,1.078,27,0.02414,0.3883,0.4575,linear_angle_interpolation,source_point,linear_angle_interpolation,Figure 4,
0.7,1.078,30,0.0206,0.42979,0.4125,source_point,linear_angle_interpolation,source_point,Figure 4,
0.7,1.078,32,0.01872,0.45745,0.3835,linear_angle_interpolation,source_point,linear_angle_interpolation,Figure 4,
0.7,1.078,35,0.0159,0.454258,0.34,source_point,linear_angle_interpolation,source_point,Figure 4,
0.7,1.078,37,0.0147,0.45213,0.309,linear_angle_interpolation,source_point,linear_angle_interpolation,Figure 4,
0.7,1.078,40,0.0129,0.54787,0.2625,source_point,source_point,source_point,Figure 4,
0.7,1.078,42,0.0129,0.55319,0.2325,linear_angle_interpolation,source_point,linear_angle_interpolation,Figure 4,
0.7,1.078,45,0.0129,0.534044,0.1875,source_point,linear_angle_interpolation,source_point,Figure 4,
0.7,1.078,47,0.0115,0.52128,0.1655,linear_angle_interpolation,source_point,linear_angle_interpolation,Figure 4,
0.7,1.078,50,0.0094,0.52128,0.1325,source_point,linear_angle_interpolation,source_point,Figure 4,
0.7,1.078,52,0.00892,0.52128,0.1135,linear_angle_interpolation,source_point,linear_angle_interpolation,Figure 4,
0.7,1.078,55,0.0082,0.537234,0.085,source_point,linear_angle_interpolation,source_point,Figure 4,
0.7,1.078,57,0.00704,0.54787,0.064,linear_angle_interpolation,source_point,linear_angle_interpolation,Figure 4,
0.7,1.078,60,0.0053,0.53191,0.0325,source_point,source_point,source_point,Figure 4,
0.7,1.078,62,-0.00246,0.5266,0.0155,linear_angle_interpolation,source_point,linear_angle_interpolation,Figure 4,
0.7,1.078,65,-0.0141,0.523408,-0.01,source_point,linear_angle_interpolation,source_point,Figure 4,
0.7,1.078,66,-0.0188,0.522344,0.01,source_point,linear_angle_interpolation,linear_angle_interpolation,Figure 4,
0.7,1.078,67,-0.0212,0.52128,0.03,source_point,source_point,linear_angle_interpolation,Figure 4,
0.7,1.078,68,-0.0235,0.39362,0.05,source_point,linear_angle_interpolation,linear_angle_interpolation,Figure 4,
0.7,1.078,69,-0.0265,0.26596,0.07,source_point,source_point,linear_angle_interpolation,Figure 4,
0.7,1.078,70,-0.0306,0.269507,0.09,source_point,linear_angle_interpolation,source_point,Figure 4,
0.7,1.078,71,-0.0394,0.273053,0.1275,source_point,linear_angle_interpolation,linear_angle_interpolation,Figure 4,
0.7,1.078,72,-0.0594,0.2766,0.165,source_point,source_point,linear_angle_interpolation,Figure 4,
0.7,1.078,73,-0.0682,0.272344,0.2025,source_point,linear_angle_interpolation,linear_angle_interpolation,Figure 4,
0.7,1.078,74,-0.0776,0.268088,0.24,source_point,linear_angle_interpolation,linear_angle_interpolation,Figure 4,
0.7,1.078,75,-0.0818,0.263832,0.2775,source_point,linear_angle_interpolation,source_point,Figure 4,
0.7,1.078,76,-0.0824,0.259576,0.2825,source_point,linear_angle_interpolation,linear_angle_interpolation,Figure 4,
0.7,1.078,77,-0.0829,0.25532,0.2875,source_point,source_point,linear_angle_interpolation,Figure 4,
0.7,1.078,78,-0.0818,0.264894,0.2925,source_point,linear_angle_interpolation,linear_angle_interpolation,Figure 4,
0.7,1.078,79,-0.08,0.274468,0.2975,source_point,linear_angle_interpolation,linear_angle_interpolation,Figure 4,
0.7,1.078,80,-0.08,0.284042,0.3025,source_point,linear_angle_interpolation,source_point,Figure 4,
0.7,1.078,81,-0.0765,0.293616,0.2855,source_point,linear_angle_interpolation,linear_angle_interpolation,Figure 4,
0.7,1.078,82,-0.0724,0.30319,0.2685,source_point,source_point,linear_angle_interpolation,Figure 4,
0.7,1.078,83,-0.07,0.30319,0.2515,source_point,linear_angle_interpolation,linear_angle_interpolation,Figure 4,
0.7,1.078,84,-0.0659,0.30319,0.2345,source_point,linear_angle_interpolation,linear_angle_interpolation,Figure 4,
0.7,1.078,85,-0.0606,0.30319,0.2175,source_point,linear_angle_interpolation,source_point,Figure 4,
0.7,1.078,87,-0.04908,0.30319,0.1785,linear_angle_interpolation,source_point,linear_angle_interpolation,Figure 4,
0.7,1.078,90,-0.0318,0.34574,0.12,source_point,source_point,source_point,Figure 4,
0.7,1.078,92,-0.02284,0.34574,0.072,linear_angle_interpolation,source_point,linear_angle_interpolation,Figure 4,
0.7,1.078,95,-0.0094,0.317018,0,source_point,linear_angle_interpolation,source_point,Figure 4,
0.7,1.078,97,-0.00352,0.29787,-0.046,linear_angle_interpolation,source_point,linear_angle_interpolation,Figure 4,
0.7,1.078,100,0.0053,0.29787,-0.115,source_point,linear_angle_interpolation,source_point,Figure 4,
0.7,1.078,102,0.00954,0.29787,-0.159,linear_angle_interpolation,source_point,linear_angle_interpolation,Figure 4,
0.7,1.078,105,0.0159,0.291486,-0.225,source_point,linear_angle_interpolation,source_point,Figure 4,
0.7,1.078,107,0.01942,0.28723,-0.278,linear_angle_interpolation,source_point,linear_angle_interpolation,Figure 4,
0.7,1.078,110,0.0247,0.25532,-0.3575,source_point,source_point,source_point,Figure 4,
0.7,1.078,112,0.02798,0.24468,-0.4205,linear_angle_interpolation,source_point,linear_angle_interpolation,Figure 4,
0.7,1.078,115,0.0329,0.222342,-0.515,source_point,linear_angle_interpolation,source_point,Figure 4,
0.7,1.078,117,0.0355,0.20745,-0.561,linear_angle_interpolation,source_point,linear_angle_interpolation,Figure 4,
0.7,1.078,120,0.0394,0.181914,-0.63,source_point,linear_angle_interpolation,source_point,Figure 4,
0.7,1.078,122,0.0408,0.16489,-0.653,linear_angle_interpolation,source_point,linear_angle_interpolation,Figure 4,
0.7,1.078,125,0.0429,0.142552,-0.6875,source_point,linear_angle_interpolation,source_point,Figure 4,
0.7,1.078,127,0.04314,0.12766,-0.7135,linear_angle_interpolation,source_point,linear_angle_interpolation,Figure 4,
0.7,1.078,130,0.0435,0.10638,-0.7525,source_point,source_point,source_point,Figure 4,
0.7,1.078,132,0.04114,0.12234,-0.7925,linear_angle_interpolation,source_point,linear_angle_interpolation,Figure 4,
0.7,1.078,135,0.0376,0.090426,-0.8525,source_point,linear_angle_interpolation,source_point,Figure 4,
0.7,1.078,137,0.0348,0.06915,-0.8955,linear_angle_interpolation,source_point,linear_angle_interpolation,Figure 4,
0.7,1.078,140,0.0306,0.05319,-0.96,source_point,linear_angle_interpolation,source_point,Figure 4,
0.7,1.078,142,0.02496,0.04255,-0.989,linear_angle_interpolation,source_point,linear_angle_interpolation,Figure 4,
0.7,1.078,145,0.0165,0.026596,-1.0325,source_point,linear_angle_interpolation,source_point,Figure 4,
0.7,1.078,147,0.01294,0.01596,-1.0455,linear_angle_interpolation,source_point,linear_angle_interpolation,Figure 4,
0.7,1.078,150,0.0076,0.02128,-1.065,source_point,source_point,source_point,Figure 4,
0.7,1.078,152,0.00172,0.01064,-1.077,linear_angle_interpolation,source_point,linear_angle_interpolation,Figure 4,
0.7,1.078,155,-0.0071,-0.008512,-1.095,source_point,linear_angle_interpolation,source_point,Figure 4,
0.7,1.078,157,-0.01014,-0.02128,-1.104,linear_angle_interpolation,source_point,linear_angle_interpolation,Figure 4,
0.7,1.078,160,-0.0147,-0.02128,-1.1175,source_point,linear_angle_interpolation,source_point,Figure 4,
0.7,1.078,162,-0.0187,-0.02128,-1.1125,linear_angle_interpolation,source_point,linear_angle_interpolation,Figure 4,
0.7,1.078,165,-0.0247,-0.002128,-1.105,source_point,linear_angle_interpolation,source_point,Figure 4,
0.7,1.078,167,-0.02894,0.01064,-1.099,linear_angle_interpolation,source_point,linear_angle_interpolation,Figure 4,
0.7,1.078,170,-0.0353,-0.03085,-1.09,source_point,linear_angle_interpolation,source_point,Figure 4,
0.7,1.078,172,-0.04142,-0.05851,-1.097,linear_angle_interpolation,source_point,linear_angle_interpolation,Figure 4,
0.7,1.078,175,-0.0506,-0.036172,-1.1075,source_point,linear_angle_interpolation,source_point,Figure 4,
0.7,1.078,177,-0.0546,-0.02128,-1.1235,linear_angle_interpolation,source_point,linear_angle_interpolation,Figure 4,
0.7,1.078,180,-0.0606,0.03723,-1.1475,source_point,source_point,source_point,Figure 4,
0.9,1.078,0,0.0506,-0.01596,0.8,source_point,source_point,source_point,Figure 4,
0.9,1.078,5,0.0412,0.10638,0.73,source_point,source_point,source_point,Figure 4,
0.9,1.078,10,0.04,0.12234,0.7,source_point,source_point,source_point,Figure 4,
0.9,1.078,15,0.04,0.18617,0.67,source_point,source_point,source_point,Figure 4,
0.9,1.078,20,0.0424,0.27128,0.5975,source_point,source_point,source_point,Figure 4,
0.9,1.078,25,0.0347,0.35638,0.525,source_point,source_point,source_point,Figure 4,
0.9,1.078,30,0.0288,0.42021,0.48,source_point,source_point,source_point,Figure 4,
0.9,1.078,35,0.0224,0.4734,0.4225,source_point,source_point,source_point,Figure 4,
0.9,1.078,40,0.0153,0.5266,0.3475,source_point,source_point,source_point,Figure 4,
0.9,1.078,45,0.0082,0.56915,0.275,source_point,source_point,source_point,Figure 4,
0.9,1.078,50,0.0006,0.60106,0.2175,source_point,source_point,source_point,Figure 4,
0.9,1.078,55,-0.0076,0.6117,0.175,source_point,source_point,source_point,Figure 4,
0.9,1.078,60,-0.0159,0.58511,0.1725,source_point,source_point,source_point,Figure 4,
0.9,1.078,65,-0.0106,0.54787,0.24,source_point,source_point,source_point,Figure 4,
0.9,1.078,70,-0.0118,0.52128,0.34,source_point,source_point,source_point,Figure 4,
0.9,1.078,72,-0.0182,0.523408,0.372,source_point,linear_angle_interpolation,linear_angle_interpolation,Figure 4,
0.9,1.078,74,-0.0212,0.525536,0.404,source_point,linear_angle_interpolation,linear_angle_interpolation,Figure 4,
0.9,1.078,75,-0.0276,0.5266,0.42,source_point,source_point,source_point,Figure 4,
0.9,1.078,76,-0.0294,0.518088,0.422,source_point,linear_angle_interpolation,linear_angle_interpolation,Figure 4,
0.9,1.078,78,-0.0406,0.501064,0.426,source_point,linear_angle_interpolation,linear_angle_interpolation,Figure 4,
0.9,1.078,80,-0.0441,0.48404,0.43,source_point,source_point,source_point,Figure 4,
0.9,1.078,82,-0.0441,0.479784,0.409,source_point,linear_angle_interpolation,linear_angle_interpolation,Figure 4,
0.9,1.078,84,-0.0453,0.475528,0.388,source_point,linear_angle_interpolation,linear_angle_interpolation,Figure 4,
0.9,1.078,85,-0.0429,0.4734,0.3775,source_point,source_point,source_point,Figure 4,
0.9,1.078,86,-0.0406,0.471274,0.3625,source_point,linear_angle_interpolation,linear_angle_interpolation,Figure 4,
0.9,1.078,88,-0.0318,0.467022,0.3325,source_point,linear_angle_interpolation,linear_angle_interpolation,Figure 4,
0.9,1.078,90,-0.0259,0.46277,0.3025,source_point,source_point,source_point,Figure 4,
0.9,1.078,95,-0.0106,0.43085,0.195,source_point,source_point,source_point,Figure 4,
0.9,1.078,100,0.0029,0.39894,0.06,source_point,source_point,source_point,Figure 4,
0.9,1.078,105,0.0153,0.3617,-0.0825,source_point,source_point,source_point,Figure 4,
0.9,1.078,110,0.0259,0.32447,-0.23,source_point,source_point,source_point,Figure 4,
0.9,1.078,115,0.0347,0.28191,-0.385,source_point,source_point,source_point,Figure 4,
0.9,1.078,120,0.0406,0.23936,-0.54,source_point,source_point,source_point,Figure 4,
0.9,1.078,125,0.0441,0.19149,-0.68,source_point,source_point,source_point,Figure 4,
0.9,1.078,130,0.0429,0.14894,-0.825,source_point,source_point,source_point,Figure 4,
0.9,1.078,135,0.0335,0.12766,-0.9925,source_point,source_point,source_point,Figure 4,
0.9,1.078,140,0.0271,0.05319,-1.12,source_point,source_point,source_point,Figure 4,
0.9,1.078,145,0.0112,0.05319,-1.16,source_point,source_point,source_point,Figure 4,
0.9,1.078,150,0.0029,0.04787,-1.165,source_point,source_point,source_point,Figure 4,
0.9,1.078,155,-0.0129,0.0266,-1.195,source_point,source_point,source_point,Figure 4,
0.9,1.078,160,-0.02,0.04255,-1.2225,source_point,source_point,source_point,Figure 4,
0.9,1.078,165,-0.0318,0.04787,-1.2075,source_point,source_point,source_point,Figure 4,
0.9,1.078,170,-0.0412,-0.01064,-1.19,source_point,source_point,source_point,Figure 4,
0.9,1.078,175,-0.0547,-0.04787,-1.2,source_point,source_point,source_point,Figure 4,
0.9,1.078,180,-0.0635,0.02128,-1.2325,source_point,source_point,source_point,Figure 4,
1.1,1.078,0,0.0559,0.0266,1.01,source_point,source_point,source_point,Figure 4,
1.1,1.078,5,0.0529,0.05851,1.0075,source_point,source_point,source_point,Figure 4,
1.1,1.078,10,0.0524,0.12766,0.98,source_point,source_point,source_point,Figure 4,
1.1,1.078,15,0.0512,0.2234,0.9375,source_point,source_point,source_point,Figure 4,
1.1,1.078,20,0.0529,0.28723,0.885,source_point,source_point,source_point,Figure 4,
1.1,1.078,25,0.0441,0.3617,0.8225,source_point,source_point,source_point,Figure 4,
1.1,1.078,30,0.0353,0.43617,0.755,source_point,source_point,source_point,Figure 4,
1.1,1.078,35,0.0276,0.50532,0.6775,source_point,source_point,source_point,Figure 4,
1.1,1.078,40,0.0194,0.57447,0.595,source_point,source_point,source_point,Figure 4,
1.1,1.078,45,0.0112,0.62766,0.5225,source_point,source_point,source_point,Figure 4,
1.1,1.078,50,0.0047,0.66489,0.4675,source_point,source_point,source_point,Figure 4,
1.1,1.078,55,-0.0012,0.69149,0.445,source_point,source_point,source_point,Figure 4,
1.1,1.078,60,-0.0053,0.69681,0.4525,source_point,source_point,source_point,Figure 4,
1.1,1.078,65,-0.01,0.66489,0.4775,source_point,source_point,source_point,Figure 4,
1.1,1.078,70,-0.0235,0.63298,0.52,source_point,source_point,source_point,Figure 4,
1.1,1.078,75,-0.03,0.61702,0.52,source_point,source_point,source_point,Figure 4,
1.1,1.078,80,-0.0276,0.6383,0.4225,source_point,source_point,source_point,Figure 4,
1.1,1.078,85,-0.02,0.62234,0.2725,source_point,source_point,source_point,Figure 4,
1.1,1.078,90,-0.0124,0.62234,0.1175,source_point,source_point,source_point,Figure 4,
1.1,1.078,95,-0.0041,0.59574,-0.04,source_point,source_point,source_point,Figure 4,
1.1,1.078,100,0.0029,0.56383,-0.1975,source_point,source_point,source_point,Figure 4,
1.1,1.078,105,0.0094,0.5266,-0.3475,source_point,source_point,source_point,Figure 4,
1.1,1.078,110,0.0153,0.48404,-0.4925,source_point,source_point,source_point,Figure 4,
1.1,1.078,115,0.0206,0.43617,-0.66,source_point,source_point,source_point,Figure 4,
1.1,1.078,120,0.0235,0.38298,-0.825,source_point,source_point,source_point,Figure 4,
1.1,1.078,125,0.0253,0.29787,-0.935,source_point,source_point,source_point,Figure 4,
1.1,1.078,130,0.0235,0.26596,-1.045,source_point,source_point,source_point,Figure 4,
1.1,1.078,135,0.0141,0.20213,-1.1675,source_point,source_point,source_point,Figure 4,
1.1,1.078,140,0.0053,0.1383,-1.255,source_point,source_point,source_point,Figure 4,
1.1,1.078,145,-0.0041,0.06915,-1.32,source_point,source_point,source_point,Figure 4,
1.1,1.078,150,-0.0165,0.07447,-1.3575,source_point,source_point,source_point,Figure 4,
1.1,1.078,155,-0.0306,0.03191,-1.3775,source_point,source_point,source_point,Figure 4,
1.1,1.078,160,-0.04,0.0266,-1.39,source_point,source_point,source_point,Figure 4,
1.1,1.078,165,-0.0524,-0.01064,-1.3825,source_point,source_point,source_point,Figure 4,
1.1,1.078,170,-0.0641,-0.01064,-1.3775,source_point,source_point,source_point,Figure 4,
1.1,1.078,175,-0.0788,-0.03191,-1.39,source_point,source_point,source_point,Figure 4,
1.1,1.078,180,-0.0806,-0.02128,-1.4025,source_point,source_point,source_point,Figure 4,
1.2,1.078,0,0.0641,0.0266,1.01,source_point,source_point,source_point,Figure 4,
1.2,1.078,5,0.0559,0.06915,1.0075,source_point,source_point,source_point,Figure 4,
1.2,1.078,10,0.0582,0.12234,1,source_point,source_point,source_point,Figure 4,
1.2,1.078,15,0.0559,0.20745,0.97,source_point,source_point,source_point,Figure 4,
1.2,1.078,20,0.0553,0.26064,0.9175,source_point,source_point,source_point,Figure 4,
1.2,1.078,25,0.0506,0.32979,0.865,source_point,source_point,source_point,Figure 4,
1.2,1.078,30,0.0382,0.39362,0.7975,source_point,source_point,source_point,Figure 4,
1.2,1.078,35,0.0282,0.45745,0.7125,source_point,source_point,source_point,Figure 4,
1.2,1.078,40,0.0182,0.52128,0.6325,source_point,source_point,source_point,Figure 4,
1.2,1.078,45,0.0094,0.57979,0.56,source_point,source_point,source_point,Figure 4,
1.2,1.078,50,0.0024,0.62234,0.5,source_point,source_point,source_point,Figure 4,
1.2,1.078,55,-0.0041,0.65957,0.455,source_point,source_point,source_point,Figure 4,
1.2,1.078,60,-0.0076,0.70745,0.4225,source_point,source_point,source_point,Figure 4,
1.2,1.078,65,-0.0106,0.70213,0.4225,source_point,source_point,source_point,Figure 4,
1.2,1.078,70,-0.02,0.64362,0.465,source_point,source_point,source_point,Figure 4,
1.2,1.078,75,-0.0206,0.63298,0.495,source_point,source_point,source_point,Figure 4,
1.2,1.078,80,-0.0206,0.63298,0.4375,source_point,source_point,source_point,Figure 4,
1.2,1.078,85,-0.0182,0.64894,0.2975,source_point,source_point,source_point,Figure 4,
1.2,1.078,90,-0.0129,0.6383,0.1275,source_point,source_point,source_point,Figure 4,
1.2,1.078,95,-0.0082,0.6117,-0.045,source_point,source_point,source_point,Figure 4,
1.2,1.078,100,-0.0029,0.58511,-0.21,source_point,source_point,source_point,Figure 4,
1.2,1.078,105,0.0012,0.54787,-0.37,source_point,source_point,source_point,Figure 4,
1.2,1.078,110,0.0053,0.49468,-0.5275,source_point,source_point,source_point,Figure 4,
1.2,1.078,115,0.0094,0.45745,-0.68,source_point,source_point,source_point,Figure 4,
1.2,1.078,120,0.0129,0.40957,-0.825,source_point,source_point,source_point,Figure 4,
1.2,1.078,125,0.0153,0.35106,-0.9625,source_point,source_point,source_point,Figure 4,
1.2,1.078,130,0.0165,0.29255,-1.105,source_point,source_point,source_point,Figure 4,
1.2,1.078,135,0.0118,0.23404,-1.2425,source_point,source_point,source_point,Figure 4,
1.2,1.078,140,0.0041,0.15426,-1.3325,source_point,source_point,source_point,Figure 4,
1.2,1.078,145,-0.0071,0.10638,-1.36,source_point,source_point,source_point,Figure 4,
1.2,1.078,150,-0.0176,0.05851,-1.36,source_point,source_point,source_point,Figure 4,
1.2,1.078,155,-0.0276,0.03191,-1.375,source_point,source_point,source_point,Figure 4,
1.2,1.078,160,-0.0359,0.02128,-1.4,source_point,source_point,source_point,Figure 4,
1.2,1.078,165,-0.0453,-0.01064,-1.4,source_point,source_point,source_point,Figure 4,
1.2,1.078,170,-0.0541,-0.01064,-1.3825,source_point,source_point,source_point,Figure 4,
1.2,1.078,175,-0.0641,-0.04787,-1.38,source_point,source_point,source_point,Figure 4,
1.2,1.078,180,-0.0735,-0.0266,-1.41,source_point,source_point,source_point,Figure 4,
1.35,0.924,0,0.0547,-0.00532,0.99,source_point,source_point,source_point,Figure 4,
1.35,0.924,5,0.0535,0.06915,1.0075,source_point,source_point,source_point,Figure 4,
1.35,0.924,10,0.0547,0.12234,0.995,source_point,source_point,source_point,Figure 4,
1.35,0.924,15,0.0535,0.19149,0.97,source_point,source_point,source_point,Figure 4,
1.35,0.924,20,0.0512,0.2234,0.925,source_point,source_point,source_point,Figure 4,
1.35,0.924,25,0.0506,0.29787,0.8625,source_point,source_point,source_point,Figure 4,
1.35,0.924,30,0.0435,0.41489,0.7825,source_point,source_point,source_point,Figure 4,
1.35,0.924,35,0.0329,0.44149,0.6825,source_point,source_point,source_point,Figure 4,
1.35,0.924,40,0.0218,0.56383,0.61,source_point,source_point,source_point,Figure 4,
1.35,0.924,45,0.0118,0.62234,0.585,source_point,source_point,source_point,Figure 4,
1.35,0.924,50,0.0035,0.68617,0.5625,source_point,source_point,source_point,Figure 4,
1.35,0.924,55,-0.0035,0.7234,0.525,source_point,source_point,source_point,Figure 4,
1.35,0.924,60,-0.0082,0.73936,0.51,source_point,source_point,source_point,Figure 4,
1.35,0.924,65,-0.0124,0.70745,0.52,source_point,source_point,source_point,Figure 4,
1.35,0.924,70,-0.02,0.69681,0.5225,source_point,source_point,source_point,Figure 4,
1.35,0.924,75,-0.02,0.7234,0.4875,source_point,source_point,source_point,Figure 4,
1.35,0.924,80,-0.0218,0.65957,0.3925,source_point,source_point,source_point,Figure 4,
1.35,0.924,85,-0.0141,0.69681,0.2725,source_point,source_point,source_point,Figure 4,
1.35,0.924,90,-0.0106,0.68617,0.135,source_point,source_point,source_point,Figure 4,
1.35,0.924,95,-0.0076,0.65957,-0.03,source_point,source_point,source_point,Figure 4,
1.35,0.924,100,-0.0041,0.62766,-0.2,source_point,source_point,source_point,Figure 4,
1.35,0.924,105,-0.0006,0.58511,-0.39,source_point,source_point,source_point,Figure 4,
1.35,0.924,110,0.0018,0.53191,-0.6,source_point,source_point,source_point,Figure 4,
1.35,0.924,115,0.0035,0.47872,-0.8075,source_point,source_point,source_point,Figure 4,
1.35,0.924,120,0.0047,0.42553,-0.98,source_point,source_point,source_point,Figure 4,
1.35,0.924,125,0.0053,0.37234,-1.0975,source_point,source_point,source_point,Figure 4,
1.35,0.924,130,0.0041,0.31383,-1.1975,source_point,source_point,source_point,Figure 4,
1.35,0.924,135,0.0024,0.22872,-1.3325,source_point,source_point,source_point,Figure 4,
1.35,0.924,140,-0.0035,0.17553,-1.4575,source_point,source_point,source_point,Figure 4,
1.35,0.924,145,-0.0188,0.13298,-1.475,source_point,source_point,source_point,Figure 4,
1.35,0.924,150,-0.0218,0.07979,-1.455,source_point,source_point,source_point,Figure 4,
1.35,0.924,155,-0.0306,0.03723,-1.4675,source_point,source_point,source_point,Figure 4,
1.35,0.924,160,-0.0394,0.0266,-1.4675,source_point,source_point,source_point,Figure 4,
1.35,0.924,165,-0.0476,0.0266,-1.4475,source_point,source_point,source_point,Figure 4,
1.35,0.924,170,-0.0565,0.0266,-1.4325,source_point,source_point,source_point,Figure 4,
1.35,0.924,175,-0.0694,-0.03191,-1.445,source_point,source_point,source_point,Figure 4,
1.35,0.924,180,-0.0794,-0.01064,-1.475,source_point,source_point,source_point,Figure 4,
1.575,1.16,-10,0.0306,-0.11982,0.81481,source_point,source_point,source_point,Figure 5,NAA-SAL
1.575,1.16,-5,0.0378,-0.04608,0.82407,source_point,source_point,source_point,Figure 5,NAA-SAL
1.575,1.16,0,0.0394,0.00922,0.85185,source_point,source_point,source_point,Figure 5,NAA-SAL
1.575,1.16,5,0.0406,0.11521,0.85185,source_point,source_point,source_point,Figure 5,NAA-SAL
1.575,1.16,10,0.0378,0.18894,0.80556,source_point,source_point,source_point,Figure 5,NAA-SAL
1.575,1.16,15,0.0383,0.26728,0.86111,source_point,source_point,source_point,Figure 5,NAA-SAL
1.575,1.16,20,0.0372,0.36866,0.86111,source_point,source_point,source_point,Figure 5,NAA-SAL
1.575,1.16,25,0.0317,0.41475,0.85185,source_point,source_point,source_point,Figure 5,NAA-SAL
1.575,1.16,30,0.0272,0.47005,0.78704,source_point,source_point,source_point,Figure 5,NAA-SAL
1.575,1.16,35,0.0222,0.553,0.75926,source_point,source_point,source_point,Figure 5,NAA-SAL
1.575,1.16,40,0.0167,0.65438,0.7037,source_point,source_point,source_point,Figure 5,NAA-SAL
1.575,1.16,45,0.0111,0.66359,0.65741,source_point,source_point,source_point,Figure 5,NAA-SAL
1.575,1.16,50,0.0039,0.67281,0.59259,source_point,source_point,source_point,Figure 5,NAA-SAL
1.575,1.16,55,-0.0022,0.7235,0.58333,source_point,source_point,source_point,Figure 5,NAA-SAL
1.575,1.16,60,-0.0072,0.69585,0.60185,source_point,source_point,source_point,Figure 5,NAA-SAL
1.575,1.16,65,-0.0133,0.7235,0.50926,source_point,source_point,source_point,Figure 5,NAA-SAL
1.575,1.16,70,-0.0156,0.76037,0.53704,source_point,source_point,source_point,Figure 5,NAA-SAL
1.575,1.16,75,-0.0161,0.70046,0.4537,source_point,source_point,source_point,Figure 5,NAA-SAL
1.575,1.16,80,-0.0133,0.66359,0.38889,source_point,source_point,source_point,Figure 5,NAA-SAL
1.575,1.16,85,-0.0117,0.6682,0.30556,source_point,source_point,source_point,Figure 5,NAA-SAL
1.575,1.16,90,-0.0061,0.65438,0.2037,source_point,source_point,source_point,Figure 5,NAA-SAL
1.575,1.16,95,0,0.65438,0.12963,source_point,source_point,source_point,Figure 5,NAA-SAL
1.575,1.16,100,0.0078,0.58065,0.02778,source_point,source_point,source_point,Figure 5,NAA-SAL
1.575,1.16,105,0.0089,0.5576,-0.10185,source_point,source_point,source_point,Figure 5,NAA-SAL
1.575,1.16,110,0.0122,0.53917,-0.24074,source_point,source_point,source_point,Figure 5,NAA-SAL
1.575,1.16,115,0.0167,0.47005,-0.40741,source_point,source_point,source_point,Figure 5,NAA-SAL
1.575,1.16,120,0.0167,0.40553,-0.60185,source_point,source_point,source_point,Figure 5,NAA-SAL
1.575,1.16,125,0.0139,0.36406,-0.7037,source_point,source_point,source_point,Figure 5,NAA-SAL
1.575,1.16,130,0.0111,0.31336,-0.86111,source_point,source_point,source_point,Figure 5,NAA-SAL
1.575,1.16,135,0.0033,0.23963,-0.94444,source_point,source_point,source_point,Figure 5,NAA-SAL
1.575,1.16,140,0.0028,0.13825,-1.06481,source_point,source_point,source_point,Figure 5,NAA-SAL
1.575,1.16,145,-0.0072,0.14286,-1.08333,source_point,source_point,source_point,Figure 5,NAA-SAL
1.575,1.16,150,-0.0167,0.06912,-1.07407,source_point,source_point,source_point,Figure 5,NAA-SAL
1.575,1.16,155,-0.03,0.09217,-1.16667,source_point,source_point,source_point,Figure 5,NAA-SAL
1.575,1.16,160,-0.0417,0.04608,-1.17593,source_point,source_point,source_point,Figure 5,NAA-SAL
1.575,1.16,165,-0.0506,0.03226,-1.17593,source_point,source_point,source_point,Figure 5,NAA-SAL
1.575,1.16,170,-0.0611,0.01843,-1.18519,source_point,source_point,source_point,Figure 5,NAA-SAL
1.575,1.16,175,-0.0733,0.01843,-1.23148,source_point,source_point,source_point,Figure 5,NAA-SAL
1.575,1.16,180,-0.08,0.02765,-1.22222,source_point,source_point,source_point,Figure 5,NAA-SAL
1.575,1.16,185,-0.0889,0.01843,-1.23148,source_point,source_point,source_point,Figure 5,NAA-SAL
1.65,0.724,-25,0.0544,-0.36406,0.82407,source_point,source_point,source_point,Figure 5,JPL-20 SWT
1.65,0.724,-20,0.0589,-0.3318,0.89815,source_point,source_point,source_point,Figure 5,JPL-20 SWT
1.65,0.724,-15,0.0578,-0.25346,0.9537,source_point,source_point,source_point,Figure 5,JPL-20 SWT
1.65,0.724,-10,0.0633,-0.17972,1.00926,source_point,source_point,source_point,Figure 5,JPL-20 SWT
1.65,0.724,-5,0.0644,-0.10138,1.06481,source_point,source_point,source_point,Figure 5,JPL-20 SWT
1.65,0.724,0,0.0639,0.00461,1.00926,source_point,source_point,source_point,Figure 5,JPL-20 SWT
1.65,0.724,5,0.0594,0.06912,1.09259,source_point,source_point,source_point,Figure 5,JPL-20 SWT
1.65,0.724,10,0.0617,0.17972,1.06481,source_point,source_point,source_point,Figure 5,JPL-20 SWT
1.65,0.724,15,0.0594,0.28571,1.10185,source_point,source_point,source_point,Figure 5,JPL-20 SWT
1.65,0.724,20,0.0578,0.35945,1,source_point,source_point,source_point,Figure 5,JPL-20 SWT
1.65,0.724,25,0.0483,0.42396,0.92593,source_point,source_point,source_point,Figure 5,JPL-20 SWT
1.65,0.724,30,0.0433,0.47465,0.81481,source_point,source_point,source_point,Figure 5,JPL-20 SWT
1.65,0.724,35,0.0361,0.56221,0.87037,source_point,source_point,source_point,Figure 5,JPL-20 SWT
1.65,0.724,40,0.0256,0.63134,0.75926,source_point,source_point,source_point,Figure 5,JPL-20 SWT
1.65,0.724,45,0.0189,0.68203,0.72222,source_point,source_point,source_point,Figure 5,JPL-20 SWT
1.65,0.724,50,0.0144,0.65899,0.73148,source_point,source_point,source_point,Figure 5,JPL-20 SWT
1.65,0.724,55,0.0122,0.70968,0.7037,source_point,source_point,source_point,Figure 5,JPL-20 SWT
1.65,0.724,60,0.0044,0.7235,0.61111,source_point,source_point,source_point,Figure 5,JPL-20 SWT
1.65,0.724,65,0.0022,0.70507,0.5,source_point,source_point,source_point,Figure 5,JPL-20 SWT
1.65,0.724,70,-0.0028,0.69124,0.59259,source_point,source_point,source_point,Figure 5,JPL-20 SWT
1.65,0.724,75,-0.0067,0.70968,0.5,source_point,source_point,source_point,Figure 5,JPL-20 SWT
1.65,0.724,80,-0.0056,0.65899,0.46296,source_point,source_point,source_point,Figure 5,JPL-20 SWT
1.65,0.724,85,-0.0017,0.64516,0.35185,source_point,source_point,source_point,Figure 5,JPL-20 SWT
1.65,0.724,90,0.0033,0.64516,0.24074,source_point,source_point,source_point,Figure 5,JPL-20 SWT
1.65,0.724,95,0.01,0.59447,0.12037,source_point,source_point,source_point,Figure 5,JPL-20 SWT
1.65,0.724,100,0.0133,0.60369,0.01852,source_point,source_point,source_point,Figure 5,JPL-20 SWT
1.65,0.724,105,0.0178,0.57143,-0.12037,source_point,source_point,source_point,Figure 5,JPL-20 SWT
1.65,0.724,110,0.0189,0.52074,-0.24074,source_point,source_point,source_point,Figure 5,JPL-20 SWT
1.65,0.724,115,0.0194,0.4977,-0.42593,source_point,source_point,source_point,Figure 5,JPL-20 SWT
1.65,0.724,120,0.0183,0.4424,-0.60185,source_point,source_point,source_point,Figure 5,JPL-20 SWT
1.65,0.724,125,0.0189,0.36866,-0.72222,source_point,source_point,source_point,Figure 5,JPL-20 SWT
1.65,0.724,130,0.0144,0.29954,-0.86111,source_point,source_point,source_point,Figure 5,JPL-20 SWT
1.65,0.724,135,0.0083,0.27189,-1.08333,source_point,source_point,source_point,Figure 5,JPL-20 SWT
1.65,0.724,140,0.0033,0.19355,-1.25,source_point,source_point,source_point,Figure 5,JPL-20 SWT
1.65,0.724,145,-0.0094,0.17512,-1.26852,source_point,source_point,source_point,Figure 5,JPL-20 SWT
1.65,0.724,150,-0.0189,0.09217,-1.27778,source_point,source_point,source_point,Figure 5,JPL-20 SWT
1.65,0.724,155,-0.0333,0.10599,-1.37963,source_point,source_point,source_point,Figure 5,JPL-20 SWT
1.65,0.724,160,-0.0444,0.03687,-1.37037,source_point,source_point,source_point,Figure 5,JPL-20 SWT
1.65,0.724,165,-0.0533,0.01843,-1.49074,source_point,source_point,source_point,Figure 5,JPL-20 SWT
1.65,0.724,170,-0.0633,0.05991,-1.49074,source_point,source_point,source_point,Figure 5,JPL-20 SWT
1.65,0.724,175,-0.0739,0.04147,-1.36111,source_point,source_point,source_point,Figure 5,JPL-20 SWT
1.65,0.724,180,-0.0817,-0.03226,-1.35185,source_point,source_point,source_point,Figure 5,JPL-20 SWT
1.65,0.724,185,-0.0933,-0.03687,-1.37963,source_point,source_point,source_point,Figure 5,JPL-20 SWT
2.41,0.724,-25,0.0644,-0.46083,0.90741,source_point,source_point,source_point,Figure 5,JPL-20 SWT
2.41,0.724,-20,0.0594,-0.43318,0.80556,source_point,source_point,source_point,Figure 5,JPL-20 SWT
2.41,0.724,-15,0.0594,-0.36406,0.91667,source_point,source_point,source_point,Figure 5,JPL-20 SWT
2.41,0.724,-10,0.0589,-0.21659,0.81481,source_point,source_point,source_point,Figure 5,JPL-20 SWT
2.41,0.724,-5,0.0594,-0.11982,0.91667,source_point,source_point,source_point,Figure 5,JPL-20 SWT
2.41,0.724,0,0.0544,-0.02304,1,source_point,source_point,source_point,Figure 5,JPL-20 SWT
2.41,0.724,5,0.0483,0.08295,0.80556,source_point,source_point,source_point,Figure 5,JPL-20 SWT
2.41,0.724,10,0.0472,0.19355,0.90741,source_point,source_point,source_point,Figure 5,JPL-20 SWT
2.41,0.724,15,0.0422,0.29493,0.7963,source_point,source_point,source_point,Figure 5,JPL-20 SWT
2.41,0.724,20,0.0389,0.37327,0.7963,source_point,source_point,source_point,Figure 5,JPL-20 SWT
2.41,0.724,25,0.0389,0.447,0.77778,source_point,source_point,source_point,Figure 5,JPL-20 SWT
2.41,0.724,30,0.0322,0.4977,0.78704,source_point,source_point,source_point,Figure 5,JPL-20 SWT
2.41,0.724,35,0.0322,0.53456,0.73148,source_point,source_point,source_point,Figure 5,JPL-20 SWT
2.41,0.724,40,0.0272,0.58986,0.69444,source_point,source_point,source_point,Figure 5,JPL-20 SWT
2.41,0.724,45,0.0194,0.61751,0.68519,source_point,source_point,source_point,Figure 5,JPL-20 SWT
2.41,0.724,50,0.0133,0.64977,0.68519,source_point,source_point,source_point,Figure 5,JPL-20 SWT
2.41,0.724,55,0.0072,0.65438,0.59259,source_point,source_point,source_point,Figure 5,JPL-20 SWT
2.41,0.724,60,0.0039,0.6682,0.62037,source_point,source_point,source_point,Figure 5,JPL-20 SWT
2.41,0.724,65,0.0033,0.67281,0.58333,source_point,source_point,source_point,Figure 5,JPL-20 SWT
2.41,0.724,70,0.0022,0.65899,0.58333,source_point,source_point,source_point,Figure 5,JPL-20 SWT
2.41,0.724,75,-0.0022,0.65438,0.50926,source_point,source_point,source_point,Figure 5,JPL-20 SWT
2.41,0.724,80,0.0028,0.63594,0.42593,source_point,source_point,source_point,Figure 5,JPL-20 SWT
2.41,0.724,85,0.0039,0.62212,0.32407,source_point,source_point,source_point,Figure 5,JPL-20 SWT
2.41,0.724,90,0.0033,0.59447,0.26852,source_point,source_point,source_point,Figure 5,JPL-20 SWT
2.41,0.724,95,0.0078,0.57604,0.16667,source_point,source_point,source_point,Figure 5,JPL-20 SWT
2.41,0.724,100,0.0117,0.53456,0.0463,source_point,source_point,source_point,Figure 5,JPL-20 SWT
2.41,0.724,105,0.0183,0.48387,-0.10185,source_point,source_point,source_point,Figure 5,JPL-20 SWT
2.41,0.724,110,0.0222,0.46544,-0.23148,source_point,source_point,source_point,Figure 5,JPL-20 SWT
2.41,0.724,115,0.0283,0.40553,-0.38889,source_point,source_point,source_point,Figure 5,JPL-20 SWT
2.41,0.724,120,0.0289,0.36406,-0.55556,source_point,source_point,source_point,Figure 5,JPL-20 SWT
2.41,0.724,125,0.0267,0.31797,-0.67593,source_point,source_point,source_point,Figure 5,JPL-20 SWT
2.41,0.724,130,0.0228,0.26267,-0.82407,source_point,source_point,source_point,Figure 5,JPL-20 SWT
2.41,0.724,135,0.0133,0.22581,-0.91667,source_point,source_point,source_point,Figure 5,JPL-20 SWT
2.41,0.724,140,0.0056,0.17051,-1.08333,source_point,source_point,source_point,Figure 5,JPL-20 SWT
2.41,0.724,145,-0.0022,0.12903,-1.16667,source_point,source_point,source_point,Figure 5,JPL-20 SWT
2.41,0.724,150,-0.015,0.08756,-1.28704,source_point,source_point,source_point,Figure 5,JPL-20 SWT
2.41,0.724,155,-0.0278,0.06912,-1.39815,source_point,source_point,source_point,Figure 5,JPL-20 SWT
2.41,0.724,160,-0.0439,0.06452,-1.38889,source_point,source_point,source_point,Figure 5,JPL-20 SWT
2.41,0.724,165,-0.0522,0.04147,-1.44444,source_point,source_point,source_point,Figure 5,JPL-20 SWT
2.41,0.724,170,-0.0644,0.01843,-1.48148,source_point,source_point,source_point,Figure 5,JPL-20 SWT
2.41,0.724,175,-0.075,0.01843,-1.4537,source_point,source_point,source_point,Figure 5,JPL-20 SWT
2.41,0.724,180,-0.0828,-0.01382,-1.4537,source_point,source_point,source_point,Figure 5,JPL-20 SWT
2.41,0.724,185,-0.1011,-0.03226,-1.53704,source_point,source_point,source_point,Figure 5,JPL-20 SWT
2.49,0.79,-10,0.0478,-0.18433,0.81481,source_point,source_point,source_point,Figure 5,NAA-SAL
2.49,0.79,-5,0.045,-0.08295,0.88889,source_point,source_point,source_point,Figure 5,NAA-SAL
2.49,0.79,0,0.04,0.02765,0.80556,source_point,source_point,source_point,Figure 5,NAA-SAL
2.49,0.79,5,0.0356,0.12903,0.86111,source_point,source_point,source_point,Figure 5,NAA-SAL
2.49,0.79,10,0.0317,0.2212,0.80556,source_point,source_point,source_point,Figure 5,NAA-SAL
2.49,0.79,15,0.0272,0.32719,0.83333,source_point,source_point,source_point,Figure 5,NAA-SAL
2.49,0.79,20,0.0222,0.41475,0.76852,source_point,source_point,source_point,Figure 5,NAA-SAL
2.49,0.79,25,0.0194,0.5023,0.7963,source_point,source_point,source_point,Figure 5,NAA-SAL
2.49,0.79,30,0.015,0.53917,0.77778,source_point,source_point,source_point,Figure 5,NAA-SAL
2.49,0.79,35,0.0122,0.6129,0.75,source_point,source_point,source_point,Figure 5,NAA-SAL
2.49,0.79,40,0.0111,0.65438,0.72222,source_point,source_point,source_point,Figure 5,NAA-SAL
2.49,0.79,45,0.0061,0.66359,0.69444,source_point,source_point,source_point,Figure 5,NAA-SAL
2.49,0.79,50,0.0033,0.65899,0.61111,source_point,source_point,source_point,Figure 5,NAA-SAL
2.49,0.79,55,0.0017,0.68664,0.63889,source_point,source_point,source_point,Figure 5,NAA-SAL
2.49,0.79,60,-0.0011,0.68664,0.60185,source_point,source_point,source_point,Figure 5,NAA-SAL
2.49,0.79,65,-0.0033,0.69585,0.56481,source_point,source_point,source_point,Figure 5,NAA-SAL
2.49,0.79,70,-0.0056,0.70046,0.49074,source_point,source_point,source_point,Figure 5,NAA-SAL
2.49,0.79,75,-0.0067,0.69124,0.47222,source_point,source_point,source_point,Figure 5,NAA-SAL
2.49,0.79,80,-0.0072,0.67742,0.42593,source_point,source_point,source_point,Figure 5,NAA-SAL
2.49,0.79,85,-0.0072,0.65438,0.33333,source_point,source_point,source_point,Figure 5,NAA-SAL
2.49,0.79,90,-0.0083,0.60369,0.23148,source_point,source_point,source_point,Figure 5,NAA-SAL
2.49,0.79,95,-0.0028,0.59447,0.12037,source_point,source_point,source_point,Figure 5,NAA-SAL
2.49,0.79,100,-0.0011,0.54378,0.07407,source_point,source_point,source_point,Figure 5,NAA-SAL
2.49,0.79,105,0.01,0.51613,-0.14815,source_point,source_point,source_point,Figure 5,NAA-SAL
2.49,0.79,110,0.0167,0.46083,-0.2963,source_point,source_point,source_point,Figure 5,NAA-SAL
2.49,0.79,115,0.0233,0.43318,-0.43519,source_point,source_point,source_point,Figure 5,NAA-SAL
2.49,0.79,120,0.0228,0.39171,-0.60185,source_point,source_point,source_point,Figure 5,NAA-SAL
2.49,0.79,125,0.0189,0.30415,-0.64815,source_point,source_point,source_point,Figure 5,NAA-SAL
2.49,0.79,130,0.0128,0.26728,-0.87037,source_point,source_point,source_point,Figure 5,NAA-SAL
2.49,0.79,135,0.0067,0.20276,-0.9537,source_point,source_point,source_point,Figure 5,NAA-SAL
2.49,0.79,140,-0.0022,0.20737,-1.12963,source_point,source_point,source_point,Figure 5,NAA-SAL
2.49,0.79,145,-0.015,0.13364,-1.25,source_point,source_point,source_point,Figure 5,NAA-SAL
2.49,0.79,150,-0.025,0.12442,-1.35185,source_point,source_point,source_point,Figure 5,NAA-SAL
2.49,0.79,155,-0.0417,0.06452,-1.4537,source_point,source_point,source_point,Figure 5,NAA-SAL
2.49,0.79,160,-0.0539,0.05991,-1.48148,source_point,source_point,source_point,Figure 5,NAA-SAL
2.49,0.79,165,-0.07,0.06452,-1.5463,source_point,source_point,source_point,Figure 5,NAA-SAL
2.49,0.79,170,-0.0833,0.02765,-1.5463,source_point,source_point,source_point,Figure 5,NAA-SAL
2.49,0.79,175,-0.095,0.01843,-1.5463,source_point,source_point,source_point,Figure 5,NAA-SAL
2.49,0.79,180,-0.1028,0.01843,-1.5463,source_point,source_point,source_point,Figure 5,NAA-SAL
2.49,0.79,185,-0.1156,-0.01843,-1.5463,source_point,source_point,source_point,Figure 5,NAA-SAL
3.27,0.54,-10,0.0481,-0.21198,0.80556,source_point,source_point,source_point,Figure 5,NAA-SAL
3.27,0.54,-5,0.0419,-0.10599,0.81481,source_point,source_point,source_point,Figure 5,NAA-SAL
3.27,0.54,0,0.0375,0.00461,0.80556,source_point,source_point,source_point,Figure 5,NAA-SAL
3.27,0.54,5,0.0286,0.12442,0.80556,source_point,source_point,source_point,Figure 5,NAA-SAL
3.27,0.54,10,0.0231,0.23502,0.7963,source_point,source_point,source_point,Figure 5,NAA-SAL
3.27,0.54,15,0.0175,0.34101,0.78704,source_point,source_point,source_point,Figure 5,NAA-SAL
3.27,0.54,20,0.0136,0.43318,0.78704,source_point,source_point,source_point,Figure 5,NAA-SAL
3.27,0.54,25,0.0114,0.50691,0.75,source_point,source_point,source_point,Figure 5,NAA-SAL
3.27,0.54,30,0.0081,0.56221,0.68519,source_point,source_point,source_point,Figure 5,NAA-SAL
3.27,0.54,35,0.0081,0.6129,0.7037,source_point,source_point,source_point,Figure 5,NAA-SAL
3.27,0.54,40,0.0069,0.69124,0.68519,source_point,source_point,source_point,Figure 5,NAA-SAL
3.27,0.54,45,0.0042,0.67281,0.65741,source_point,source_point,source_point,Figure 5,NAA-SAL
3.27,0.54,50,0.0019,0.66359,0.60185,source_point,source_point,source_point,Figure 5,NAA-SAL
3.27,0.54,55,-0.0053,0.69585,0.59259,source_point,source_point,source_point,Figure 5,NAA-SAL
3.27,0.54,60,-0.0092,0.68664,0.57407,source_point,source_point,source_point,Figure 5,NAA-SAL
3.27,0.54,65,-0.0125,0.69585,0.52778,source_point,source_point,source_point,Figure 5,NAA-SAL
3.27,0.54,70,-0.0136,0.69124,0.46296,source_point,source_point,source_point,Figure 5,NAA-SAL
3.27,0.54,75,-0.0153,0.68203,0.4537,source_point,source_point,source_point,Figure 5,NAA-SAL
3.27,0.54,80,-0.0175,0.67281,0.40741,source_point,source_point,source_point,Figure 5,NAA-SAL
3.27,0.54,85,-0.0131,0.64516,0.34259,source_point,source_point,source_point,Figure 5,NAA-SAL
3.27,0.54,90,-0.0092,0.62673,0.27778,source_point,source_point,source_point,Figure 5,NAA-SAL
3.27,0.54,95,-0.0031,0.58065,0.16667,source_point,source_point,source_point,Figure 5,NAA-SAL
3.27,0.54,100,0.0042,0.53456,0.05556,source_point,source_point,source_point,Figure 5,NAA-SAL
3.27,0.54,105,0.0125,0.48387,-0.10185,source_point,source_point,source_point,Figure 5,NAA-SAL
3.27,0.54,110,0.0164,0.41935,-0.2037,source_point,source_point,source_point,Figure 5,NAA-SAL
3.27,0.54,115,0.0231,0.39171,-0.39815,source_point,source_point,source_point,Figure 5,NAA-SAL
3.27,0.54,120,0.0231,0.35484,-0.5463,source_point,source_point,source_point,Figure 5,NAA-SAL
3.27,0.54,125,0.0175,0.27189,-0.69444,source_point,source_point,source_point,Figure 5,NAA-SAL
3.27,0.54,130,0.0136,0.23963,-0.84259,source_point,source_point,source_point,Figure 5,NAA-SAL
3.27,0.54,135,0.0081,0.19816,-0.94444,source_point,source_point,source_point,Figure 5,NAA-SAL
3.27,0.54,140,-0.0003,0.19355,-1.10185,source_point,source_point,source_point,Figure 5,NAA-SAL
3.27,0.54,145,-0.0103,0.14747,-1.12963,source_point,source_point,source_point,Figure 5,NAA-SAL
3.27,0.54,150,-0.0264,0.15207,-1.26852,source_point,source_point,source_point,Figure 5,NAA-SAL
3.27,0.54,155,-0.0403,0.08295,-1.37963,source_point,source_point,source_point,Figure 5,NAA-SAL
3.27,0.54,160,-0.0525,0.05069,-1.42593,source_point,source_point,source_point,Figure 5,NAA-SAL
3.27,0.54,165,-0.0686,0.06452,-1.46296,source_point,source_point,source_point,Figure 5,NAA-SAL
3.27,0.54,170,-0.0819,0.05991,-1.48148,source_point,source_point,source_point,Figure 5,NAA-SAL
3.27,0.54,175,-0.0947,0.02304,-1.48148,source_point,source_point,source_point,Figure 5,NAA-SAL
3.27,0.54,180,-0.1053,0.00922,-1.49074,source_point,source_point,source_point,Figure 5,NAA-SAL
3.27,0.54,185,-0.1175,-0.01843,-1.5,source_point,source_point,source_point,Figure 5,NAA-SAL
3.99,1.078,-5,0.04398,-0.08936,0.66102,source_point,source_point,source_point,Figure 6,
3.99,1.078,0,0.04444,0.00851,0.69068,source_point,source_point,source_point,Figure 6,
3.99,1.078,5,0.03935,0.09787,0.71398,source_point,source_point,source_point,Figure 6,
3.99,1.078,10,0.02917,0.24681,0.68432,source_point,source_point,source_point,Figure 6,
3.99,1.078,15,0.02315,0.31489,0.65254,source_point,source_point,source_point,Figure 6,
3.99,1.078,20,0.01944,0.41702,0.64407,source_point,source_point,source_point,Figure 6,
3.99,1.078,25,0.02222,0.48511,0.66314,source_point,source_point,source_point,Figure 6,
3.99,1.078,30,0.02222,0.52766,0.67585,source_point,source_point,source_point,Figure 6,
3.99,1.078,35,0.01898,0.62128,0.65466,source_point,source_point,source_point,Figure 6,
3.99,1.078,40,0.02083,0.64681,0.66737,source_point,source_point,source_point,Figure 6,
3.99,1.078,45,0.01713,0.65957,0.66525,source_point,source_point,source_point,Figure 6,
3.99,1.078,50,0.01296,0.68085,0.5911,source_point,source_point,source_point,Figure 6,
3.99,1.078,55,0.00972,0.6766,0.51695,source_point,source_point,source_point,Figure 6,
3.99,1.078,60,0.00093,0.68085,0.51271,source_point,source_point,source_point,Figure 6,
3.99,1.078,65,0.00463,0.6766,0.51907,source_point,source_point,source_point,Figure 6,
3.99,1.078,70,0.00185,0.6766,0.48305,source_point,source_point,source_point,Figure 6,
3.99,1.078,75,0.00139,0.65957,0.46398,source_point,source_point,source_point,Figure 6,
3.99,1.078,80,0.00231,0.63404,0.43644,source_point,source_point,source_point,Figure 6,
3.99,1.078,85,0.00185,0.62553,0.37288,source_point,source_point,source_point,Figure 6,
3.99,1.078,90,0.00417,0.59574,0.28814,source_point,source_point,source_point,Figure 6,
3.99,1.078,95,0.00231,0.55745,0.17585,source_point,source_point,source_point,Figure 6,
3.99,1.078,100,0.00833,0.50638,0.04237,source_point,source_point,source_point,Figure 6,
3.99,1.078,105,0.01481,0.4766,-0.11653,source_point,source_point,source_point,Figure 6,
3.99,1.078,110,0.0213,0.42553,-0.24576,source_point,source_point,source_point,Figure 6,
3.99,1.078,115,0.025,0.38298,-0.34746,source_point,source_point,source_point,Figure 6,
3.99,1.078,120,0.02824,0.33191,-0.47458,source_point,source_point,source_point,Figure 6,
3.99,1.078,125,0.02546,0.28936,-0.61017,source_point,source_point,source_point,Figure 6,
3.99,1.078,130,0.02731,0.2383,-0.76695,source_point,source_point,source_point,Figure 6,
3.99,1.078,135,0.0213,0.21277,-0.89831,source_point,source_point,source_point,Figure 6,
3.99,1.078,140,0.0125,0.19149,-0.99364,source_point,source_point,source_point,Figure 6,
3.99,1.078,145,0.00185,0.18298,-1.08686,source_point,source_point,source_point,Figure 6,
3.99,1.078,150,-0.01019,0.14043,-1.17797,source_point,source_point,source_point,Figure 6,
3.99,1.078,155,-0.02454,0.13191,-1.28178,source_point,source_point,source_point,Figure 6,
3.99,1.078,160,-0.03796,0.08936,-1.33051,source_point,source_point,source_point,Figure 6,
3.99,1.078,165,-0.05833,0.08085,-1.32415,source_point,source_point,source_point,Figure 6,
3.99,1.078,170,-0.06759,0.05957,-1.35169,source_point,source_point,source_point,Figure 6,
3.99,1.078,175,-0.07917,0.04255,-1.40254,source_point,source_point,source_point,Figure 6,
3.99,1.078,180,-0.09213,-0.02128,-1.39407,source_point,source_point,source_point,Figure 6,
3.99,1.078,185,-0.09722,0.02553,-1.31356,source_point,source_point,source_point,Figure 6,
5,0.764,-5,0.04444,-0.15745,0.72669,source_point,source_point,source_point,Figure 6,
5,0.764,0,0.03981,0.00851,0.6928,source_point,source_point,source_point,Figure 6,
5,0.764,5,0.03241,0.09787,0.66314,source_point,source_point,source_point,Figure 6,
5,0.764,10,0.03009,0.20851,0.69703,source_point,source_point,source_point,Figure 6,
5,0.764,15,0.02407,0.32766,0.69703,source_point,source_point,source_point,Figure 6,
5,0.764,20,0.01991,0.42979,0.66525,source_point,source_point,source_point,Figure 6,
5,0.764,25,0.01574,0.49362,0.66314,source_point,source_point,source_point,Figure 6,
5,0.764,30,0.02269,0.53191,0.62712,source_point,source_point,source_point,Figure 6,
5,0.764,35,0.01852,0.5617,0.61653,source_point,source_point,source_point,Figure 6,
5,0.764,40,0.01528,0.58723,0.66102,source_point,source_point,source_point,Figure 6,
5,0.764,45,0.01852,0.65532,0.6822,source_point,source_point,source_point,Figure 6,
5,0.764,50,0.01389,0.62553,0.67585,source_point,source_point,source_point,Figure 6,
5,0.764,55,0.01065,0.68085,0.64619,source_point,source_point,source_point,Figure 6,
5,0.764,60,0.00833,0.68085,0.58051,source_point,source_point,source_point,Figure 6,
5,0.764,65,0.00417,0.68511,0.52331,source_point,source_point,source_point,Figure 6,
5,0.764,70,0.00139,0.6766,0.50424,source_point,source_point,source_point,Figure 6,
5,0.764,75,0.00139,0.65532,0.45127,source_point,source_point,source_point,Figure 6,
5,0.764,80,0.00185,0.62979,0.35169,source_point,source_point,source_point,Figure 6,
5,0.764,85,0.00278,0.61277,0.26483,source_point,source_point,source_point,Figure 6,
5,0.764,90,0.00185,0.58298,0.18644,source_point,source_point,source_point,Figure 6,
5,0.764,95,0.00556,0.53617,0.10805,source_point,source_point,source_point,Figure 6,
5,0.764,100,0.0088,0.51915,0.03178,source_point,source_point,source_point,Figure 6,
5,0.764,105,0.01759,0.45957,-0.07627,source_point,source_point,source_point,Figure 6,
5,0.764,110,0.02176,0.40851,-0.23093,source_point,source_point,source_point,Figure 6,
5,0.764,115,0.02639,0.37447,-0.40042,source_point,source_point,source_point,Figure 6,
5,0.764,120,0.03009,0.33191,-0.54237,source_point,source_point,source_point,Figure 6,
5,0.764,125,0.02731,0.28511,-0.66314,source_point,source_point,source_point,Figure 6,
5,0.764,130,0.02963,0.24255,-0.79449,source_point,source_point,source_point,Figure 6,
5,0.764,135,0.02407,0.24255,-0.96186,source_point,source_point,source_point,Figure 6,
5,0.764,140,0.01389,0.19149,-1.10805,source_point,source_point,source_point,Figure 6,
5,0.764,145,0.00556,0.17447,-1.16314,source_point,source_point,source_point,Figure 6,
5,0.764,150,-0.00694,0.13617,-1.22034,source_point,source_point,source_point,Figure 6,
5,0.764,155,-0.02083,0.08936,-1.32203,source_point,source_point,source_point,Figure 6,
5,0.764,160,-0.03704,0.0383,-1.39831,source_point,source_point,source_point,Figure 6,
5,0.764,165,-0.04907,0.07234,-1.40042,source_point,source_point,source_point,Figure 6,
5,0.764,170,-0.06296,0.02553,-1.37288,source_point,source_point,source_point,Figure 6,
5,0.764,175,-0.0787,0.04255,-1.39407,source_point,source_point,source_point,Figure 6,
5,0.764,180,-0.08889,0.03404,-1.41949,source_point,source_point,source_point,Figure 6,
5,0.764,185,-0.1037,0.01702,-1.41949,source_point,source_point,source_point,Figure 6,
5,0.764,190,-0.11343,-0.00851,-1.39407,source_point,source_point,source_point,Figure 6,
7.3,0.884,-20,0.0625,-0.41277,0.68644,source_point,source_point,source_point,Figure 6,
7.3,0.884,-15,0.05972,-0.35319,0.66949,source_point,source_point,source_point,Figure 6,
7.3,0.884,-10,0.0537,-0.2383,0.66949,source_point,source_point,source_point,Figure 6,
7.3,0.884,-5,0.04722,-0.11915,0.66949,source_point,source_point,source_point,Figure 6,
7.3,0.884,0,0.04352,-0.02979,0.66102,source_point,source_point,source_point,Figure 6,
7.3,0.884,5,0.03426,0.13617,0.66102,source_point,source_point,source_point,Figure 6,
7.3,0.884,10,0.02685,0.2383,0.66102,source_point,source_point,source_point,Figure 6,
7.3,0.884,15,0.02407,0.36596,0.65254,source_point,source_point,source_point,Figure 6,
7.3,0.884,20,0.01991,0.43404,0.66949,source_point,source_point,source_point,Figure 6,
7.3,0.884,25,0.01574,0.51489,0.64407,source_point,source_point,source_point,Figure 6,
7.3,0.884,30,0.01713,0.58298,0.62712,source_point,source_point,source_point,Figure 6,
7.3,0.884,35,0.01204,0.63404,0.62712,source_point,source_point,source_point,Figure 6,
7.3,0.884,40,0.0125,0.65532,0.58475,source_point,source_point,source_point,Figure 6,
7.3,0.884,45,0.01065,0.67234,0.59322,source_point,source_point,source_point,Figure 6,
7.3,0.884,50,0.00833,0.68511,0.58475,source_point,source_point,source_point,Figure 6,
7.3,0.884,55,0.0037,0.65957,0.58475,source_point,source_point,source_point,Figure 6,
7.3,0.884,60,-0.00463,0.68511,0.55085,source_point,source_point,source_point,Figure 6,
7.3,0.884,65,-0.00463,0.69362,0.52542,source_point,source_point,source_point,Figure 6,
7.3,0.884,70,-0.00463,0.6383,0.42373,source_point,source_point,source_point,Figure 6,
7.3,0.884,75,-0.00556,0.69362,0.4661,source_point,source_point,source_point,Figure 6,
7.3,0.884,80,-0.00231,0.6,0.44915,source_point,source_point,source_point,Figure 6,
7.3,0.884,85,-0.00278,0.63404,0.24576,source_point,source_point,source_point,Figure 6,
7.3,0.884,90,0.00093,0.54043,0.25424,source_point,source_point,source_point,Figure 6,
7.3,0.884,95,0.00648,0.53191,0.15254,source_point,source_point,source_point,Figure 6,
7.3,0.884,100,0.01481,0.48511,0.0339,source_point,source_point,source_point,Figure 6,
7.3,0.884,105,0.01944,0.45106,-0.15254,source_point,source_point,source_point,Figure 6,
7.3,0.884,110,0.0287,0.39574,-0.21186,source_point,source_point,source_point,Figure 6,
7.3,0.884,115,0.02963,0.34894,-0.34746,source_point,source_point,source_point,Figure 6,
7.3,0.884,120,0.03426,0.30638,-0.5678,source_point,source_point,source_point,Figure 6,
7.3,0.884,125,0.02778,0.30213,-0.61864,source_point,source_point,source_point,Figure 6,
7.3,0.884,130,0.02917,0.24255,-0.83051,source_point,source_point,source_point,Figure 6,
7.3,0.884,135,0.01806,0.18723,-0.86441,source_point,source_point,source_point,Figure 6,
7.3,0.884,140,0.01343,0.19149,-1.05085,source_point,source_point,source_point,Figure 6,
7.3,0.884,145,0.00509,0.18723,-1.05932,source_point,source_point,source_point,Figure 6,
7.3,0.884,150,-0.00185,0.09787,-1.14407,source_point,source_point,source_point,Figure 6,
7.3,0.884,155,-0.01481,0.10213,-1.21186,source_point,source_point,source_point,Figure 6,
7.3,0.884,160,-0.03287,0.09362,-1.33898,source_point,source_point,source_point,Figure 6,
7.3,0.884,165,-0.04491,0.08936,-1.4322,source_point,source_point,source_point,Figure 6,
7.3,0.884,170,-0.05926,0.02553,-1.44915,source_point,source_point,source_point,Figure 6,
7.3,0.884,175,-0.075,0.02553,-1.5,source_point,source_point,source_point,Figure 6,
7.3,0.884,180,-0.08611,0.01702,-1.54237,source_point,source_point,source_point,Figure 6,
7.3,0.884,185,-0.09954,-0.0383,-1.5,source_point,source_point,source_point,Figure 6,
7.3,0.884,190,-0.10787,-0.02128,-1.47458,source_point,source_point,source_point,Figure 6,
7.3,0.884,195,-0.11667,-0.00851,-1.4322,source_point,source_point,source_point,Figure 6,
7.3,0.884,200,-0.12731,-0.05532,-1.39831,source_point,source_point,source_point,Figure 6,
9,0.29,-20,0.06435,-0.42979,0.68644,source_point,source_point,source_point,Figure 6,
9,0.29,-15,0.06204,-0.36596,0.65254,source_point,source_point,source_point,Figure 6,
9,0.29,-10,0.05556,-0.25532,0.66102,source_point,source_point,source_point,Figure 6,
9,0.29,-5,0.04861,-0.13617,0.62712,source_point,source_point,source_point,Figure 6,
9,0.29,0,0.0412,0.00426,0.63559,source_point,source_point,source_point,Figure 6,
9,0.29,5,0.03565,0.09787,0.62712,source_point,source_point,source_point,Figure 6,
9,0.29,10,0.02593,0.23404,0.66949,source_point,source_point,source_point,Figure 6,
9,0.29,15,0.02546,0.31915,0.67797,source_point,source_point,source_point,Figure 6,
9,0.29,20,0.01435,0.44255,0.68644,source_point,source_point,source_point,Figure 6,
9,0.29,25,0.01389,0.44681,0.62712,source_point,source_point,source_point,Figure 6,
9,0.29,30,0.01343,0.55745,0.64407,source_point,source_point,source_point,Figure 6,
9,0.29,35,0.01481,0.61277,0.64407,source_point,source_point,source_point,Figure 6,
9,0.29,40,0.01111,0.64255,0.62712,source_point,source_point,source_point,Figure 6,
9,0.29,45,0.0088,0.6383,0.59322,source_point,source_point,source_point,Figure 6,
9,0.29,50,0.00602,0.65957,0.57627,source_point,source_point,source_point,Figure 6,
9,0.29,55,0.00278,0.69362,0.52542,source_point,source_point,source_point,Figure 6,
9,0.29,60,0.00556,0.66809,0.54237,source_point,source_point,source_point,Figure 6,
9,0.29,65,0.00556,0.6766,0.51695,source_point,source_point,source_point,Figure 6,
9,0.29,70,-0.00185,0.65957,0.4322,source_point,source_point,source_point,Figure 6,
9,0.29,75,-0.00185,0.62979,0.44068,source_point,source_point,source_point,Figure 6,
9,0.29,80,-0.00185,0.62128,0.33051,source_point,source_point,source_point,Figure 6,
9,0.29,85,-0.00231,0.57447,0.26271,source_point,source_point,source_point,Figure 6,
9,0.29,90,0.00139,0.5234,0.16102,source_point,source_point,source_point,Figure 6,
9,0.29,95,0.00694,0.51915,0.14407,source_point,source_point,source_point,Figure 6,
9,0.29,100,0.01435,0.46809,0.05085,source_point,source_point,source_point,Figure 6,
9,0.29,105,0.02037,0.45957,-0.15254,source_point,source_point,source_point,Figure 6,
9,0.29,110,0.02454,0.37021,-0.19492,source_point,source_point,source_point,Figure 6,
9,0.29,115,0.02731,0.3234,-0.33051,source_point,source_point,source_point,Figure 6,
9,0.29,120,0.0287,0.31489,-0.50847,source_point,source_point,source_point,Figure 6,
9,0.29,125,0.02731,0.27234,-0.67797,source_point,source_point,source_point,Figure 6,
9,0.29,130,0.02315,0.2383,-0.70339,source_point,source_point,source_point,Figure 6,
9,0.29,135,0.01713,0.18723,-0.85593,source_point,source_point,source_point,Figure 6,
9,0.29,140,0.00926,0.18723,-1.01695,source_point,source_point,source_point,Figure 6,
9,0.29,145,0.0088,0.14043,-1.11017,source_point,source_point,source_point,Figure 6,
9,0.29,150,-0.0037,0.11489,-1.19492,source_point,source_point,source_point,Figure 6,
9,0.29,155,-0.02407,0.08936,-1.22881,source_point,source_point,source_point,Figure 6,
9,0.29,160,-0.03657,0.08936,-1.29661,source_point,source_point,source_point,Figure 6,
9,0.29,165,-0.04907,0.04255,-1.39831,source_point,source_point,source_point,Figure 6,
9,0.29,170,-0.06296,0.0383,-1.38983,source_point,source_point,source_point,Figure 6,
9,0.29,175,-0.07546,0.01702,-1.48305,source_point,source_point,source_point,Figure 6,
9,0.29,180,-0.08889,0.02979,-1.50847,source_point,source_point,source_point,Figure 6,
9,0.29,185,-0.09676,0.02128,-1.49153,source_point,source_point,source_point,Figure 6,
9,0.29,190,-0.10694,-0.02979,-1.40678,source_point,source_point,source_point,Figure 6,
9,0.29,195,-0.11852,-0.06809,-1.39831,source_point,source_point,source_point,Figure 6,
9,0.29,200,-0.12685,-0.02979,-1.34746,source_point,source_point,source_point,Figure 6,
