ground_elapsed_time_s,deceleration_load_factor_g
29988.6,0.02
29992.0,0.03
29996.0,0.08
29999.8,0.15
30000.0,0.15
30004.0,0.29
30006.1,0.37
30008.0,0.48
30009.3,0.59
30010.0,0.65
30012.0,0.80
30012.5,0.88
30014.0,1.10
30014.1,1.09
30015.7,1.35
30016.0,1.44
30017.3,2.01
30018.0,2.22
30018.8,2.47
30020.0,2.63
30022.0,2.94
30024.0,3.42
30025.2,3.68
30026.0,3.82
30028.0,4.11
30028.4,4.20
30030.0,4.57
30031.6,4.93
30032.0,5.02
30033.2,5.35
30034.0,5.55
30034.8,5.78
30036.0,6.32
30036.3,6.43
30037.9,6.88
30038.0,6.90
30040.0,7.12
30041.1,7.25
30042.0,7.26
30042.7,7.28
30044.0,7.27
30046.0,7.21
30047.5,7.17
30048.0,7.08
30049.1,6.75
30050.0,6.71
30052.0,6.45
30053.8,6.23
30054.0,6.18
30055.4,5.90
30056.0,5.69
30057.0,5.41
30058.0,5.23
30060.0,4.86
30061.8,4.55
30064.0,4.12
30065.0,3.89
30068.0,3.64
30068.2,3.62
30071.3,3.35
30072.0,3.24
30074.5,3.04
30076.0,2.96
30080.0,2.79
30082.5,2.69
30084.0,2.63
30088.0,2.52
30092.0,2.42
30093.6,2.38
30096.0,2.32
30098.4,2.24
30100.0,2.19
30103.1,2.05
30104.0,2.04
30108.0,1.85
30112.0,1.65
30114.3,1.55
30116.0,1.50
30120.0,1.35
30124.0,1.21
30127.0,1.12
30128.0,1.08
30132.0,0.98
30136.0,0.91
30136.5,0.89
30140.0,0.82
30144.0,0.75
30148.0,0.68
30149.3,0.67
30152.0,0.63
30156.0,0.58
30160.0,0.54
30163.6,0.51
30164.0,0.50
30168.0,0.48
30172.0,0.45
30176.0,0.43
30180.0,0.41
30184.0,0.39
30187.4,0.38
30188.0,0.38
30192.0,0.36
30196.0,0.35
30200.0,0.35
30204.0,0.34
30208.0,0.34
30212.0,0.33
30216.0,0.32
30216.1,0.32
30220.0,0.32
30224.0,0.32
30228.0,0.31
30232.0,0.31
30236.0,0.30
30238.3,0.30
30240.0,0.30
30244.0,0.30
30248.0,0.30
30252.0,0.30
30256.0,0.30
30260.0,0.32
30262.2,0.32
30264.0,0.32
30268.0,0.32
30272.0,0.34
30276.0,0.34
30280.0,0.35
30282.9,0.35
30284.0,0.35
30288.0,0.36
30292.0,0.38
30296.0,0.39
30298.8,0.40
30300.0,0.41
30304.0,0.42
30308.0,0.45
30312.0,0.47
30316.0,0.50
30319.4,0.52
30320.0,0.52
30324.0,0.56
30328.0,0.62
30332.0,0.67
30332.2,0.67
30336.0,0.72
30340.0,0.79
30344.0,0.86
30346.5,0.91
30348.0,0.95
30352.0,1.04
30356.0,1.12
30360.0,1.26
30360.8,1.28
30364.0,1.40
30368.0,1.55
30368.7,1.59
30372.0,1.72
30376.0,1.90
30378.3,2.01
30380.0,2.09
30384.0,2.29
30388.0,2.45
30391.0,2.62
30392.0,2.62
30396.0,2.87
30400.0,3.06
30402.0,3.17
30404.0,3.27
30405.3,3.34
30406.0,3.37
30408.0,3.45
30410.0,3.55
30412.0,3.65
30414.0,3.75
30414.9,3.79
30416.0,3.84
30418.0,3.89
30420.0,3.95
30422.0,4.02
30422.8,4.05
30424.0,4.08
30426.0,4.12
30428.0,4.15
30430.0,4.20
30430.8,4.20
30432.0,4.22
30434.0,4.22
30436.0,4.21
30437.1,4.19
30438.0,4.17
30440.0,4.12
30442.0,4.08
30444.0,4.02
30446.0,3.95
30448.0,3.89
30448.3,3.89
30450.0,3.85
30452.0,3.81
30454.0,3.78
30456.0,3.74
30459.4,3.67
30460.0,3.65
30464.0,3.47
30468.0,3.28
30472.0,3.10
30472.1,3.10
30476.0,2.95
30480.0,2.84
30484.0,2.69
30486.4,2.62
30488.0,2.61
30492.0,2.56
30496.0,2.52
30499.2,2.50
30500.0,2.49
30502.0,2.47
30504.0,2.45
30506.0,2.45
30507.1,2.44
30508.0,2.45
30510.0,2.45
30512.0,2.47
30513.5,2.48
30514.0,2.48
30516.0,2.48
30518.0,2.49
30520.0,2.51
30522.0,2.52
30524.0,2.53
30526.0,2.55
30528.0,2.57
30530.0,2.58
30532.0,2.60
30534.0,2.60
30534.2,2.60
30536.0,2.60
30538.0,2.58
30540.0,2.56
30542.0,2.54
30544.0,2.52
30546.0,2.48
30546.9,2.47
30548.0,2.45
30552.0,2.38
30556.0,2.30
30560.0,2.22
30564.0,2.14
30564.4,2.12
30568.0,2.04
30572.0,1.95
30576.0,1.84
30578.7,1.75
30580.0,1.72
30584.0,1.68
30588.0,1.54
30591.4,1.48
30592.0,1.48
30596.0,1.42
30600.0,1.35
30602.5,1.34
30604.0,1.32
30608.0,1.27
30610.0,1.24
30612.0,1.18
30614.0,1.15
30615.3,1.13
30616.0,1.13
30618.0,1.13
30620.0,1.15
30622.0,1.17
30624.0,1.18
30626.0,1.19
30628.0,1.20
30630.0,1.19
30632.0,1.18
30634.0,1.16
30635.9,1.15
30636.0,1.15
30638.0,1.17
30640.0,1.17
30642.0,1.18
30644.0,1.18
30646.0,1.18
30647.1,1.18
30648.0,1.18
30650.0,1.18
30652.0,1.17
30654.0,1.16
30656.0,1.16
30658.0,1.15
30660.0,1.15
30662.0,1.15
30664.0,1.15
30666.0,1.14
30668.0,1.13
30670.0,1.12
30672.0,1.11
30674.0,1.11
30676.0,1.11
30677.3,1.12
30678.0,1.14
30680.0,1.19
30682.0,1.22
30684.0,1.27
30686.0,1.29
30688.0,1.30
30688.4,1.30
30690.0,1.25
30692.0,1.21
30694.0,1.12
30696.0,1.07
30698.0,1.04
