ground_elapsed_time_s,dynamic_pressure_lb_ft2
29960.0,1.5
29973.7,1.5
29984.3,7.5
29994.9,28.4
30002.5,68.7
30008.6,135.9
30014.6,238.9
30020.7,347.9
30026.8,433.1
30034.4,497.3
30042.0,522.7
30046.5,518.2
30052.6,462.9
30058.7,389.8
30066.3,313.6
30075.4,243.4
30086.0,210.6
30098.1,179.2
30114.8,140.4
30133.1,101.5
30154.3,68.7
30178.6,44.8
30202.9,31.4
30230.2,22.4
30257.5,19.4
30283.3,22.4
30307.6,31.4
30330.4,47.8
30348.6,68.7
30366.8,101.5
30383.5,149.3
30398.7,210.6
30410.9,259.8
30420.0,289.7
30429.1,309.1
30436.7,300.2
30445.8,276.3
30456.4,247.9
30467.0,218.0
30482.2,188.2
30495.9,176.2
30512.6,171.7
30526.2,174.7
30538.4,170.2
30552.0,150.8
30564.2,126.9
30577.8,100.1
30590.0,88.1
30602.1,83.6
30615.8,92.6
30631.0,106.0
30646.1,116.5
30661.3,121.0
30678.0,116.5
