ground_elapsed_time_s,mach_number,trace_segment
29959.9,21.44,dashed_rise
29964.1,24.06,dashed_rise
29968.4,27.32,dashed_rise
29971.4,30.45,dashed_rise
29974.4,33.58,dashed_rise
29978.6,36.33,dashed_rise
29982.7,38.33,dashed_rise
29988.1,39.58,solid_curve
29993.3,40.20,solid_curve
29997.3,40.57,solid_curve
30001.2,40.31,solid_curve
30006.2,38.80,solid_curve
30011.1,36.92,solid_curve
30016.2,35.28,solid_curve
30021.2,33.90,solid_curve
30027.5,32.13,solid_curve
30033.8,30.50,solid_curve
30040.1,28.98,solid_curve
30047.7,27.35,solid_curve
30056.7,26.08,solid_curve
30066.9,24.94,solid_curve
30077.2,24.05,solid_curve
30090.1,23.41,solid_curve
30103.1,23.02,solid_curve
30116.0,22.75,solid_curve
30132.9,22.60,solid_curve
30152.4,22.58,solid_curve
30173.2,22.55,solid_curve
30194.0,22.53,solid_curve
30213.5,22.51,solid_curve
30233.0,22.23,solid_curve
30252.4,21.96,solid_curve
30271.9,21.68,solid_curve
30291.3,21.28,solid_curve
30310.7,20.51,solid_curve
30330.1,19.73,solid_curve
30349.5,18.58,solid_curve
30368.8,17.30,solid_curve
30388.1,15.77,solid_curve
30407.4,13.87,solid_curve
30426.7,11.84,solid_curve
30445.9,9.81,solid_curve
30465.2,8.03,solid_curve
30484.6,6.76,solid_curve
30503.9,5.48,solid_curve
30523.3,4.33,solid_curve
30542.6,3.18,solid_curve
30555.5,2.41,solid_curve
30568.4,1.77,solid_curve
30581.4,1.25,solid_curve
30594.3,0.86,solid_curve
30613.8,0.71,solid_curve
30633.3,0.68,solid_curve
30652.8,0.53,solid_curve
30672.3,0.51,solid_curve
30690.5,0.49,solid_curve
