mach,reynolds_number_millions,facility,angle_of_attack_deg,pitching_moment_coefficient_cg,plot_segment
1.575,1.16,NAA-SAL,-10.0,0.0306,main
1.575,1.16,NAA-SAL,-5.0,0.0378,main
1.575,1.16,NAA-SAL,0.0,0.0394,main
1.575,1.16,NAA-SAL,5.0,0.0406,main
1.575,1.16,NAA-SAL,10.0,0.0378,main
1.575,1.16,NAA-SAL,15.0,0.0383,main
1.575,1.16,NAA-SAL,20.0,0.0372,main
1.575,1.16,NAA-SAL,25.0,0.0317,main
1.575,1.16,NAA-SAL,30.0,0.0272,main
1.575,1.16,NAA-SAL,35.0,0.0222,main
1.575,1.16,NAA-SAL,40.0,0.0167,main
1.575,1.16,NAA-SAL,45.0,0.0111,main
1.575,1.16,NAA-SAL,50.0,0.0039,main
1.575,1.16,NAA-SAL,55.0,-0.0022,main
1.575,1.16,NAA-SAL,60.0,-0.0072,main
1.575,1.16,NAA-SAL,65.0,-0.0133,main
1.575,1.16,NAA-SAL,70.0,-0.0156,main
1.575,1.16,NAA-SAL,75.0,-0.0161,main
1.575,1.16,NAA-SAL,80.0,-0.0133,main
1.575,1.16,NAA-SAL,85.0,-0.0117,main
1.575,1.16,NAA-SAL,90.0,-0.0061,main
1.575,1.16,NAA-SAL,95.0,0.0,main
1.575,1.16,NAA-SAL,100.0,0.0078,main
1.575,1.16,NAA-SAL,105.0,0.0089,main
1.575,1.16,NAA-SAL,110.0,0.0122,main
1.575,1.16,NAA-SAL,115.0,0.0167,main
1.575,1.16,NAA-SAL,120.0,0.0167,main
1.575,1.16,NAA-SAL,125.0,0.0139,main
1.575,1.16,NAA-SAL,130.0,0.0111,main
1.575,1.16,NAA-SAL,135.0,0.0033,main
1.575,1.16,NAA-SAL,140.0,0.0028,main
1.575,1.16,NAA-SAL,145.0,-0.0072,main
1.575,1.16,NAA-SAL,150.0,-0.0167,main
1.575,1.16,NAA-SAL,155.0,-0.03,main
1.575,1.16,NAA-SAL,160.0,-0.0417,main
1.575,1.16,NAA-SAL,165.0,-0.0506,main
1.575,1.16,NAA-SAL,170.0,-0.0611,main
1.575,1.16,NAA-SAL,175.0,-0.0733,main
1.575,1.16,NAA-SAL,180.0,-0.08,main
1.575,1.16,NAA-SAL,185.0,-0.0889,main
1.65,0.724,JPL-20SWT,-25.0,0.0544,main
1.65,0.724,JPL-20SWT,-20.0,0.0589,main
1.65,0.724,JPL-20SWT,-15.0,0.0578,main
1.65,0.724,JPL-20SWT,-10.0,0.0633,main
1.65,0.724,JPL-20SWT,-5.0,0.0644,main
1.65,0.724,JPL-20SWT,0.0,0.0639,main
1.65,0.724,JPL-20SWT,5.0,0.0594,main
1.65,0.724,JPL-20SWT,10.0,0.0617,main
1.65,0.724,JPL-20SWT,15.0,0.0594,main
1.65,0.724,JPL-20SWT,20.0,0.0578,main
1.65,0.724,JPL-20SWT,25.0,0.0483,main
1.65,0.724,JPL-20SWT,30.0,0.0433,main
1.65,0.724,JPL-20SWT,35.0,0.0361,main
1.65,0.724,JPL-20SWT,40.0,0.0256,main
1.65,0.724,JPL-20SWT,45.0,0.0189,main
1.65,0.724,JPL-20SWT,50.0,0.0144,main
1.65,0.724,JPL-20SWT,55.0,0.0122,main
1.65,0.724,JPL-20SWT,60.0,0.0044,main
1.65,0.724,JPL-20SWT,65.0,0.0022,main
1.65,0.724,JPL-20SWT,70.0,-0.0028,main
1.65,0.724,JPL-20SWT,75.0,-0.0067,main
1.65,0.724,JPL-20SWT,80.0,-0.0056,main
1.65,0.724,JPL-20SWT,85.0,-0.0017,main
1.65,0.724,JPL-20SWT,90.0,0.0033,main
1.65,0.724,JPL-20SWT,95.0,0.01,main
1.65,0.724,JPL-20SWT,100.0,0.0133,main
1.65,0.724,JPL-20SWT,105.0,0.0178,main
1.65,0.724,JPL-20SWT,110.0,0.0189,main
1.65,0.724,JPL-20SWT,115.0,0.0194,main
1.65,0.724,JPL-20SWT,120.0,0.0183,main
1.65,0.724,JPL-20SWT,125.0,0.0189,main
1.65,0.724,JPL-20SWT,130.0,0.0144,main
1.65,0.724,JPL-20SWT,135.0,0.0083,main
1.65,0.724,JPL-20SWT,140.0,0.0033,main
1.65,0.724,JPL-20SWT,145.0,-0.0094,main
1.65,0.724,JPL-20SWT,150.0,-0.0189,main
1.65,0.724,JPL-20SWT,155.0,-0.0333,main
1.65,0.724,JPL-20SWT,160.0,-0.0444,main
1.65,0.724,JPL-20SWT,165.0,-0.0533,main
1.65,0.724,JPL-20SWT,170.0,-0.0633,main
1.65,0.724,JPL-20SWT,175.0,-0.0739,main
1.65,0.724,JPL-20SWT,180.0,-0.0817,main
1.65,0.724,JPL-20SWT,185.0,-0.0933,main
2.41,0.724,JPL-20SWT,-25.0,0.0644,main
2.41,0.724,JPL-20SWT,-20.0,0.0594,main
2.41,0.724,JPL-20SWT,-15.0,0.0594,main
2.41,0.724,JPL-20SWT,-10.0,0.0589,main
2.41,0.724,JPL-20SWT,-5.0,0.0594,main
2.41,0.724,JPL-20SWT,0.0,0.0544,main
2.41,0.724,JPL-20SWT,5.0,0.0483,main
2.41,0.724,JPL-20SWT,10.0,0.0472,main
2.41,0.724,JPL-20SWT,15.0,0.0422,main
2.41,0.724,JPL-20SWT,20.0,0.0389,main
2.41,0.724,JPL-20SWT,25.0,0.0389,main
2.41,0.724,JPL-20SWT,30.0,0.0322,main
2.41,0.724,JPL-20SWT,35.0,0.0322,main
2.41,0.724,JPL-20SWT,40.0,0.0272,main
2.41,0.724,JPL-20SWT,45.0,0.0194,main
2.41,0.724,JPL-20SWT,50.0,0.0133,main
2.41,0.724,JPL-20SWT,55.0,0.0072,main
2.41,0.724,JPL-20SWT,60.0,0.0039,main
2.41,0.724,JPL-20SWT,65.0,0.0033,main
2.41,0.724,JPL-20SWT,70.0,0.0022,main
2.41,0.724,JPL-20SWT,75.0,-0.0022,main
2.41,0.724,JPL-20SWT,80.0,0.0028,main
2.41,0.724,JPL-20SWT,85.0,0.0039,main
2.41,0.724,JPL-20SWT,90.0,0.0033,main
2.41,0.724,JPL-20SWT,95.0,0.0078,main
2.41,0.724,JPL-20SWT,100.0,0.0117,main
2.41,0.724,JPL-20SWT,105.0,0.0183,main
2.41,0.724,JPL-20SWT,110.0,0.0222,main
2.41,0.724,JPL-20SWT,115.0,0.0283,main
2.41,0.724,JPL-20SWT,120.0,0.0289,main
2.41,0.724,JPL-20SWT,125.0,0.0267,main
2.41,0.724,JPL-20SWT,130.0,0.0228,main
2.41,0.724,JPL-20SWT,135.0,0.0133,main
2.41,0.724,JPL-20SWT,140.0,0.0056,main
2.41,0.724,JPL-20SWT,145.0,-0.0022,main
2.41,0.724,JPL-20SWT,150.0,-0.015,main
2.41,0.724,JPL-20SWT,155.0,-0.0278,main
2.41,0.724,JPL-20SWT,160.0,-0.0439,main
2.41,0.724,JPL-20SWT,165.0,-0.0522,main
2.41,0.724,JPL-20SWT,170.0,-0.0644,main
2.41,0.724,JPL-20SWT,175.0,-0.075,main
2.41,0.724,JPL-20SWT,180.0,-0.0828,main
2.41,0.724,JPL-20SWT,185.0,-0.1011,main
2.49,0.79,NAA-SAL,-10.0,0.0478,main
2.49,0.79,NAA-SAL,-5.0,0.045,main
2.49,0.79,NAA-SAL,0.0,0.04,main
2.49,0.79,NAA-SAL,5.0,0.0356,main
2.49,0.79,NAA-SAL,10.0,0.0317,main
2.49,0.79,NAA-SAL,15.0,0.0272,main
2.49,0.79,NAA-SAL,20.0,0.0222,main
2.49,0.79,NAA-SAL,25.0,0.0194,main
2.49,0.79,NAA-SAL,30.0,0.015,main
2.49,0.79,NAA-SAL,35.0,0.0122,main
2.49,0.79,NAA-SAL,40.0,0.0111,main
2.49,0.79,NAA-SAL,45.0,0.0061,main
2.49,0.79,NAA-SAL,50.0,0.0033,main
2.49,0.79,NAA-SAL,55.0,0.0017,main
2.49,0.79,NAA-SAL,60.0,-0.0011,main
2.49,0.79,NAA-SAL,65.0,-0.0033,main
2.49,0.79,NAA-SAL,70.0,-0.0056,main
2.49,0.79,NAA-SAL,75.0,-0.0067,main
2.49,0.79,NAA-SAL,80.0,-0.0072,main
2.49,0.79,NAA-SAL,85.0,-0.0072,main
2.49,0.79,NAA-SAL,90.0,-0.0083,main
2.49,0.79,NAA-SAL,95.0,-0.0028,main
2.49,0.79,NAA-SAL,100.0,-0.0011,main
2.49,0.79,NAA-SAL,105.0,0.01,main
2.49,0.79,NAA-SAL,110.0,0.0167,main
2.49,0.79,NAA-SAL,115.0,0.0233,main
2.49,0.79,NAA-SAL,120.0,0.0228,main
2.49,0.79,NAA-SAL,125.0,0.0189,main
2.49,0.79,NAA-SAL,130.0,0.0128,main
2.49,0.79,NAA-SAL,135.0,0.0067,main
2.49,0.79,NAA-SAL,140.0,-0.0022,main
2.49,0.79,NAA-SAL,145.0,-0.015,main
2.49,0.79,NAA-SAL,150.0,-0.025,main
2.49,0.79,NAA-SAL,155.0,-0.0417,main
2.49,0.79,NAA-SAL,160.0,-0.0539,main
2.49,0.79,NAA-SAL,165.0,-0.07,main
2.49,0.79,NAA-SAL,170.0,-0.0833,main
2.49,0.79,NAA-SAL,175.0,-0.095,main
2.49,0.79,NAA-SAL,180.0,-0.1028,main
2.49,0.79,NAA-SAL,185.0,-0.1156,main
2.49,0.79,NAA-SAL,190.0,-0.1267,main
3.27,0.54,NAA-SAL,-10.0,0.0481,main
3.27,0.54,NAA-SAL,-5.0,0.0419,main
3.27,0.54,NAA-SAL,0.0,0.0375,main
3.27,0.54,NAA-SAL,5.0,0.0286,main
3.27,0.54,NAA-SAL,10.0,0.0231,main
3.27,0.54,NAA-SAL,15.0,0.0175,main
3.27,0.54,NAA-SAL,20.0,0.0136,main
3.27,0.54,NAA-SAL,25.0,0.0114,main
3.27,0.54,NAA-SAL,30.0,0.0081,main
3.27,0.54,NAA-SAL,35.0,0.0081,main
3.27,0.54,NAA-SAL,40.0,0.0069,main
3.27,0.54,NAA-SAL,45.0,0.0042,main
3.27,0.54,NAA-SAL,50.0,0.0019,main
3.27,0.54,NAA-SAL,55.0,-0.0053,main
3.27,0.54,NAA-SAL,60.0,-0.0092,main
3.27,0.54,NAA-SAL,65.0,-0.0125,main
3.27,0.54,NAA-SAL,70.0,-0.0136,main
3.27,0.54,NAA-SAL,75.0,-0.0153,main
3.27,0.54,NAA-SAL,80.0,-0.0175,main
3.27,0.54,NAA-SAL,85.0,-0.0131,main
3.27,0.54,NAA-SAL,90.0,-0.0092,main
3.27,0.54,NAA-SAL,95.0,-0.0031,main
3.27,0.54,NAA-SAL,100.0,0.0042,main
3.27,0.54,NAA-SAL,105.0,0.0125,main
3.27,0.54,NAA-SAL,110.0,0.0164,main
3.27,0.54,NAA-SAL,115.0,0.0231,main
3.27,0.54,NAA-SAL,120.0,0.0231,main
3.27,0.54,NAA-SAL,125.0,0.0175,main
3.27,0.54,NAA-SAL,130.0,0.0136,main
3.27,0.54,NAA-SAL,135.0,0.0081,main
3.27,0.54,NAA-SAL,140.0,-0.0003,main
3.27,0.54,NAA-SAL,145.0,-0.0103,main
3.27,0.54,NAA-SAL,150.0,-0.0264,main
3.27,0.54,NAA-SAL,155.0,-0.0403,main
3.27,0.54,NAA-SAL,160.0,-0.0525,main
3.27,0.54,NAA-SAL,165.0,-0.0686,main
3.27,0.54,NAA-SAL,170.0,-0.0819,main
3.27,0.54,NAA-SAL,175.0,-0.0947,main
3.27,0.54,NAA-SAL,180.0,-0.1053,main
3.27,0.54,NAA-SAL,185.0,-0.1175,main
3.27,0.54,NAA-SAL,190.0,-0.1269,main
