mach,reynolds_number_millions,facility,angle_of_attack_deg,axial_force_coefficient,plot_segment
0.4,1.078,,0.0,0.58,main
0.4,1.078,,5.0,0.5775,main
0.4,1.078,,10.0,0.5575,main
0.4,1.078,,15.0,0.5175,main
0.4,1.078,,20.0,0.4825,main
0.4,1.078,,25.0,0.465,main
0.4,1.078,,30.0,0.425,main
0.4,1.078,,35.0,0.34,main
0.4,1.078,,40.0,0.2575,main
0.4,1.078,,45.0,0.19,main
0.4,1.078,,50.0,0.12,main
0.4,1.078,,55.0,0.0475,main
0.4,1.078,,60.0,-0.02,main
0.4,1.078,,65.0,-0.0825,main
0.4,1.078,,70.0,-0.085,main
0.4,1.078,,75.0,-0.0075,main
0.4,1.078,,80.0,0.015,main
0.4,1.078,,85.0,-0.0325,main
0.4,1.078,,90.0,-0.0875,main
0.4,1.078,,95.0,-0.1675,main
0.4,1.078,,100.0,-0.25,main
0.4,1.078,,105.0,-0.3225,main
0.4,1.078,,110.0,-0.4,main
0.4,1.078,,115.0,-0.48,main
0.4,1.078,,120.0,-0.56,main
0.4,1.078,,125.0,-0.645,main
0.4,1.078,,130.0,-0.7425,main
0.4,1.078,,135.0,-0.8575,main
0.4,1.078,,140.0,-0.9725,main
0.4,1.078,,145.0,-1.035,main
0.4,1.078,,150.0,-1.0525,main
0.4,1.078,,155.0,-1.0775,main
0.4,1.078,,160.0,-1.0975,main
0.4,1.078,,165.0,-1.0975,main
0.4,1.078,,170.0,-1.095,main
0.4,1.078,,175.0,-1.1,main
0.4,1.078,,180.0,-1.1075,main
0.4,1.078,,185.0,-1.11,main
0.7,1.078,,0.0,0.62,main
0.7,1.078,,5.0,0.625,main
0.7,1.078,,10.0,0.6175,main
0.7,1.078,,15.0,0.605,main
0.7,1.078,,20.0,0.56,main
0.7,1.078,,25.0,0.4875,main
0.7,1.078,,30.0,0.4125,main
0.7,1.078,,35.0,0.34,main
0.7,1.078,,40.0,0.2625,main
0.7,1.078,,45.0,0.1875,main
0.7,1.078,,50.0,0.1325,main
0.7,1.078,,55.0,0.085,main
0.7,1.078,,60.0,0.0325,main
0.7,1.078,,65.0,-0.01,main
0.7,1.078,,70.0,0.09,main
0.7,1.078,,75.0,0.2775,main
0.7,1.078,,80.0,0.3025,main
0.7,1.078,,85.0,0.2175,main
0.7,1.078,,90.0,0.12,main
0.7,1.078,,95.0,0.0,main
0.7,1.078,,100.0,-0.115,main
0.7,1.078,,105.0,-0.225,main
0.7,1.078,,110.0,-0.3575,main
0.7,1.078,,115.0,-0.515,main
0.7,1.078,,120.0,-0.63,main
0.7,1.078,,125.0,-0.6875,main
0.7,1.078,,130.0,-0.7525,main
0.7,1.078,,135.0,-0.8525,main
0.7,1.078,,140.0,-0.96,main
0.7,1.078,,145.0,-1.0325,main
0.7,1.078,,150.0,-1.065,main
0.7,1.078,,155.0,-1.095,main
0.7,1.078,,160.0,-1.1175,main
0.7,1.078,,165.0,-1.105,main
0.7,1.078,,170.0,-1.09,main
0.7,1.078,,175.0,-1.1075,main
0.7,1.078,,180.0,-1.1475,main
0.7,1.078,,185.0,-1.18,main
0.9,1.078,,0.0,0.8,main
0.9,1.078,,5.0,0.73,main
0.9,1.078,,10.0,0.7,main
0.9,1.078,,15.0,0.67,main
0.9,1.078,,20.0,0.5975,main
0.9,1.078,,25.0,0.525,main
0.9,1.078,,30.0,0.48,main
0.9,1.078,,35.0,0.4225,main
0.9,1.078,,40.0,0.3475,main
0.9,1.078,,45.0,0.275,main
0.9,1.078,,50.0,0.2175,main
0.9,1.078,,55.0,0.175,main
0.9,1.078,,60.0,0.1725,main
0.9,1.078,,65.0,0.24,main
0.9,1.078,,70.0,0.34,main
0.9,1.078,,75.0,0.42,main
0.9,1.078,,80.0,0.43,main
0.9,1.078,,85.0,0.3775,main
0.9,1.078,,90.0,0.3025,main
0.9,1.078,,95.0,0.195,main
0.9,1.078,,100.0,0.06,main
0.9,1.078,,105.0,-0.0825,main
0.9,1.078,,110.0,-0.23,main
0.9,1.078,,115.0,-0.385,main
0.9,1.078,,120.0,-0.54,main
0.9,1.078,,125.0,-0.68,main
0.9,1.078,,130.0,-0.825,main
0.9,1.078,,135.0,-0.9925,main
0.9,1.078,,140.0,-1.12,main
0.9,1.078,,145.0,-1.16,main
0.9,1.078,,150.0,-1.165,main
0.9,1.078,,155.0,-1.195,main
0.9,1.078,,160.0,-1.2225,main
0.9,1.078,,165.0,-1.2075,main
0.9,1.078,,170.0,-1.19,main
0.9,1.078,,175.0,-1.2,main
0.9,1.078,,180.0,-1.2325,main
0.9,1.078,,185.0,-1.28,main
1.1,1.078,,0.0,1.01,main
1.1,1.078,,5.0,1.0075,main
1.1,1.078,,10.0,0.98,main
1.1,1.078,,15.0,0.9375,main
1.1,1.078,,20.0,0.885,main
1.1,1.078,,25.0,0.8225,main
1.1,1.078,,30.0,0.755,main
1.1,1.078,,35.0,0.6775,main
1.1,1.078,,40.0,0.595,main
1.1,1.078,,45.0,0.5225,main
1.1,1.078,,50.0,0.4675,main
1.1,1.078,,55.0,0.445,main
1.1,1.078,,60.0,0.4525,main
1.1,1.078,,65.0,0.4775,main
1.1,1.078,,70.0,0.52,main
1.1,1.078,,75.0,0.52,main
1.1,1.078,,80.0,0.4225,main
1.1,1.078,,85.0,0.2725,main
1.1,1.078,,90.0,0.1175,main
1.1,1.078,,95.0,-0.04,main
1.1,1.078,,100.0,-0.1975,main
1.1,1.078,,105.0,-0.3475,main
1.1,1.078,,110.0,-0.4925,main
1.1,1.078,,115.0,-0.66,main
1.1,1.078,,120.0,-0.825,main
1.1,1.078,,125.0,-0.935,main
1.1,1.078,,130.0,-1.045,main
1.1,1.078,,135.0,-1.1675,main
1.1,1.078,,140.0,-1.255,main
1.1,1.078,,145.0,-1.32,main
1.1,1.078,,150.0,-1.3575,main
1.1,1.078,,155.0,-1.3775,main
1.1,1.078,,160.0,-1.39,main
1.1,1.078,,165.0,-1.3825,main
1.1,1.078,,170.0,-1.3775,main
1.1,1.078,,175.0,-1.39,main
1.1,1.078,,180.0,-1.4025,main
1.1,1.078,,185.0,-1.39,main
1.2,1.078,,0.0,1.01,main
1.2,1.078,,5.0,1.0075,main
1.2,1.078,,10.0,1.0,main
1.2,1.078,,15.0,0.97,main
1.2,1.078,,20.0,0.9175,main
1.2,1.078,,25.0,0.865,main
1.2,1.078,,30.0,0.7975,main
1.2,1.078,,35.0,0.7125,main
1.2,1.078,,40.0,0.6325,main
1.2,1.078,,45.0,0.56,main
1.2,1.078,,50.0,0.5,main
1.2,1.078,,55.0,0.455,main
1.2,1.078,,60.0,0.4225,main
1.2,1.078,,65.0,0.4225,main
1.2,1.078,,70.0,0.465,main
1.2,1.078,,75.0,0.495,main
1.2,1.078,,80.0,0.4375,main
1.2,1.078,,85.0,0.2975,main
1.2,1.078,,90.0,0.1275,main
1.2,1.078,,95.0,-0.045,main
1.2,1.078,,100.0,-0.21,main
1.2,1.078,,105.0,-0.37,main
1.2,1.078,,110.0,-0.5275,main
1.2,1.078,,115.0,-0.68,main
1.2,1.078,,120.0,-0.825,main
1.2,1.078,,125.0,-0.9625,main
1.2,1.078,,130.0,-1.105,main
1.2,1.078,,135.0,-1.2425,main
1.2,1.078,,140.0,-1.3325,main
1.2,1.078,,145.0,-1.36,main
1.2,1.078,,150.0,-1.36,main
1.2,1.078,,155.0,-1.375,main
1.2,1.078,,160.0,-1.4,main
1.2,1.078,,165.0,-1.4,main
1.2,1.078,,170.0,-1.3825,main
1.2,1.078,,175.0,-1.38,main
1.2,1.078,,180.0,-1.41,main
1.2,1.078,,185.0,-1.48,main
1.35,0.924,,0.0,0.99,main
1.35,0.924,,5.0,1.0075,main
1.35,0.924,,10.0,0.995,main
1.35,0.924,,15.0,0.97,main
1.35,0.924,,20.0,0.925,main
1.35,0.924,,25.0,0.8625,main
1.35,0.924,,30.0,0.7825,main
1.35,0.924,,35.0,0.6825,main
1.35,0.924,,40.0,0.61,main
1.35,0.924,,45.0,0.585,main
1.35,0.924,,50.0,0.5625,main
1.35,0.924,,55.0,0.525,main
1.35,0.924,,60.0,0.51,main
1.35,0.924,,65.0,0.52,main
1.35,0.924,,70.0,0.5225,main
1.35,0.924,,75.0,0.4875,main
1.35,0.924,,80.0,0.3925,main
1.35,0.924,,85.0,0.2725,main
1.35,0.924,,90.0,0.135,main
1.35,0.924,,95.0,-0.03,main
1.35,0.924,,100.0,-0.2,main
1.35,0.924,,105.0,-0.39,main
1.35,0.924,,110.0,-0.6,main
1.35,0.924,,115.0,-0.8075,main
1.35,0.924,,120.0,-0.98,main
1.35,0.924,,125.0,-1.0975,main
1.35,0.924,,130.0,-1.1975,main
1.35,0.924,,135.0,-1.3325,main
1.35,0.924,,140.0,-1.4575,main
1.35,0.924,,145.0,-1.475,main
1.35,0.924,,150.0,-1.455,main
1.35,0.924,,155.0,-1.4675,main
1.35,0.924,,160.0,-1.4675,main
1.35,0.924,,165.0,-1.4475,main
1.35,0.924,,170.0,-1.4325,main
1.35,0.924,,175.0,-1.445,main
1.35,0.924,,180.0,-1.475,main
1.35,0.924,,185.0,-1.49,main
