mach,reynolds_number_millions,facility,angle_of_attack_deg,normal_force_coefficient,plot_segment
0.4,1.078,,0.0,0.05319,main
0.4,1.078,,5.0,0.12234,main
0.4,1.078,,10.0,0.17553,main
0.4,1.078,,15.0,0.23936,main
0.4,1.078,,20.0,0.28191,main
0.4,1.078,,25.0,0.32979,main
0.4,1.078,,30.0,0.37234,main
0.4,1.078,,35.0,0.40426,main
0.4,1.078,,40.0,0.44149,main
0.4,1.078,,45.0,0.46277,main
0.4,1.078,,50.0,0.48404,main
0.4,1.078,,55.0,0.48404,main
0.4,1.078,,60.0,0.48404,main
0.4,1.078,,65.0,0.45745,main
0.4,1.078,,68.0,0.35106,main
0.4,1.078,,69.0,0.11702,main
0.4,1.078,,70.0,0.10106,main
0.4,1.078,,75.0,0.1117,main
0.4,1.078,,80.0,0.23404,main
0.4,1.078,,85.0,0.29787,main
0.4,1.078,,90.0,0.29787,main
0.4,1.078,,95.0,0.28723,main
0.4,1.078,,100.0,0.26596,main
0.4,1.078,,105.0,0.23936,main
0.4,1.078,,110.0,0.20213,main
0.4,1.078,,115.0,0.17021,main
0.4,1.078,,120.0,0.13298,main
0.4,1.078,,125.0,0.08511,main
0.4,1.078,,130.0,0.04787,main
0.4,1.078,,135.0,0.03191,main
0.4,1.078,,140.0,0.03191,main
0.4,1.078,,145.0,0.04255,main
0.4,1.078,,150.0,0.01596,main
0.4,1.078,,155.0,-0.01596,main
0.4,1.078,,160.0,-0.05851,main
0.4,1.078,,165.0,-0.03191,main
0.4,1.078,,170.0,-0.04255,main
0.4,1.078,,175.0,-0.04255,main
0.4,1.078,,180.0,-0.01596,main
0.7,1.078,,-8.0,-0.11702,main
0.7,1.078,,-3.0,-0.03723,main
0.7,1.078,,0.0,0.04255,main
0.7,1.078,,2.0,0.05851,main
0.7,1.078,,7.0,0.11702,main
0.7,1.078,,12.0,0.18617,main
0.7,1.078,,17.0,0.26064,main
0.7,1.078,,20.0,0.29787,main
0.7,1.078,,22.0,0.32979,main
0.7,1.078,,27.0,0.3883,main
0.7,1.078,,32.0,0.45745,main
0.7,1.078,,37.0,0.45213,main
0.7,1.078,,40.0,0.54787,main
0.7,1.078,,42.0,0.55319,main
0.7,1.078,,47.0,0.52128,main
0.7,1.078,,52.0,0.52128,main
0.7,1.078,,57.0,0.54787,main
0.7,1.078,,60.0,0.53191,main
0.7,1.078,,62.0,0.5266,main
0.7,1.078,,67.0,0.52128,main
0.7,1.078,,69.0,0.26596,main
0.7,1.078,,72.0,0.2766,main
0.7,1.078,,77.0,0.25532,main
0.7,1.078,,82.0,0.30319,main
0.7,1.078,,87.0,0.30319,main
0.7,1.078,,90.0,0.34574,main
0.7,1.078,,92.0,0.34574,main
0.7,1.078,,97.0,0.29787,main
0.7,1.078,,102.0,0.29787,main
0.7,1.078,,107.0,0.28723,main
0.7,1.078,,110.0,0.25532,main
0.7,1.078,,112.0,0.24468,main
0.7,1.078,,117.0,0.20745,main
0.7,1.078,,122.0,0.16489,main
0.7,1.078,,127.0,0.12766,main
0.7,1.078,,130.0,0.10638,main
0.7,1.078,,132.0,0.12234,main
0.7,1.078,,137.0,0.06915,main
0.7,1.078,,142.0,0.04255,main
0.7,1.078,,147.0,0.01596,main
0.7,1.078,,150.0,0.02128,main
0.7,1.078,,152.0,0.01064,main
0.7,1.078,,157.0,-0.02128,main
0.7,1.078,,162.0,-0.02128,main
0.7,1.078,,167.0,0.01064,main
0.7,1.078,,172.0,-0.05851,main
0.7,1.078,,177.0,-0.02128,main
0.7,1.078,,180.0,0.03723,main
0.9,1.078,,0.0,-0.01596,main
0.9,1.078,,5.0,0.10638,main
0.9,1.078,,10.0,0.12234,main
0.9,1.078,,15.0,0.18617,main
0.9,1.078,,20.0,0.27128,main
0.9,1.078,,25.0,0.35638,main
0.9,1.078,,30.0,0.42021,main
0.9,1.078,,35.0,0.4734,main
0.9,1.078,,40.0,0.5266,main
0.9,1.078,,45.0,0.56915,main
0.9,1.078,,50.0,0.60106,main
0.9,1.078,,55.0,0.6117,main
0.9,1.078,,60.0,0.58511,main
0.9,1.078,,65.0,0.54787,main
0.9,1.078,,70.0,0.52128,main
0.9,1.078,,75.0,0.5266,main
0.9,1.078,,80.0,0.48404,main
0.9,1.078,,85.0,0.4734,main
0.9,1.078,,90.0,0.46277,main
0.9,1.078,,95.0,0.43085,main
0.9,1.078,,100.0,0.39894,main
0.9,1.078,,105.0,0.3617,main
0.9,1.078,,110.0,0.32447,main
0.9,1.078,,115.0,0.28191,main
0.9,1.078,,120.0,0.23936,main
0.9,1.078,,125.0,0.19149,main
0.9,1.078,,130.0,0.14894,main
0.9,1.078,,135.0,0.12766,main
0.9,1.078,,140.0,0.05319,main
0.9,1.078,,145.0,0.05319,main
0.9,1.078,,150.0,0.04787,main
0.9,1.078,,155.0,0.0266,main
0.9,1.078,,160.0,0.04255,main
0.9,1.078,,165.0,0.04787,main
0.9,1.078,,170.0,-0.01064,main
0.9,1.078,,175.0,-0.04787,main
0.9,1.078,,180.0,0.02128,main
1.1,1.078,,0.0,0.0266,main
1.1,1.078,,5.0,0.05851,main
1.1,1.078,,10.0,0.12766,main
1.1,1.078,,15.0,0.2234,main
1.1,1.078,,20.0,0.28723,main
1.1,1.078,,25.0,0.3617,main
1.1,1.078,,30.0,0.43617,main
1.1,1.078,,35.0,0.50532,main
1.1,1.078,,40.0,0.57447,main
1.1,1.078,,45.0,0.62766,main
1.1,1.078,,50.0,0.66489,main
1.1,1.078,,55.0,0.69149,main
1.1,1.078,,60.0,0.69681,main
1.1,1.078,,65.0,0.66489,main
1.1,1.078,,70.0,0.63298,main
1.1,1.078,,75.0,0.61702,main
1.1,1.078,,80.0,0.6383,main
1.1,1.078,,85.0,0.62234,main
1.1,1.078,,90.0,0.62234,main
1.1,1.078,,95.0,0.59574,main
1.1,1.078,,100.0,0.56383,main
1.1,1.078,,105.0,0.5266,main
1.1,1.078,,110.0,0.48404,main
1.1,1.078,,115.0,0.43617,main
1.1,1.078,,120.0,0.38298,main
1.1,1.078,,125.0,0.29787,main
1.1,1.078,,130.0,0.26596,main
1.1,1.078,,135.0,0.20213,main
1.1,1.078,,140.0,0.1383,main
1.1,1.078,,145.0,0.06915,main
1.1,1.078,,150.0,0.07447,main
1.1,1.078,,155.0,0.03191,main
1.1,1.078,,160.0,0.0266,main
1.1,1.078,,165.0,-0.01064,main
1.1,1.078,,170.0,-0.01064,main
1.1,1.078,,175.0,-0.03191,main
1.1,1.078,,180.0,-0.02128,main
1.2,1.078,,0.0,0.0266,main
1.2,1.078,,5.0,0.06915,main
1.2,1.078,,10.0,0.12234,main
1.2,1.078,,15.0,0.20745,main
1.2,1.078,,20.0,0.26064,main
1.2,1.078,,25.0,0.32979,main
1.2,1.078,,30.0,0.39362,main
1.2,1.078,,35.0,0.45745,main
1.2,1.078,,40.0,0.52128,main
1.2,1.078,,45.0,0.57979,main
1.2,1.078,,50.0,0.62234,main
1.2,1.078,,55.0,0.65957,main
1.2,1.078,,60.0,0.70745,main
1.2,1.078,,65.0,0.70213,main
1.2,1.078,,70.0,0.64362,main
1.2,1.078,,75.0,0.63298,main
1.2,1.078,,80.0,0.63298,main
1.2,1.078,,85.0,0.64894,main
1.2,1.078,,90.0,0.6383,main
1.2,1.078,,95.0,0.6117,main
1.2,1.078,,100.0,0.58511,main
1.2,1.078,,105.0,0.54787,main
1.2,1.078,,110.0,0.49468,main
1.2,1.078,,115.0,0.45745,main
1.2,1.078,,120.0,0.40957,main
1.2,1.078,,125.0,0.35106,main
1.2,1.078,,130.0,0.29255,main
1.2,1.078,,135.0,0.23404,main
1.2,1.078,,140.0,0.15426,main
1.2,1.078,,145.0,0.10638,main
1.2,1.078,,150.0,0.05851,main
1.2,1.078,,155.0,0.03191,main
1.2,1.078,,160.0,0.02128,main
1.2,1.078,,165.0,-0.01064,main
1.2,1.078,,170.0,-0.01064,main
1.2,1.078,,175.0,-0.04787,main
1.2,1.078,,180.0,-0.0266,main
1.35,0.924,,0.0,-0.00532,main
1.35,0.924,,5.0,0.06915,main
1.35,0.924,,10.0,0.12234,main
1.35,0.924,,15.0,0.19149,main
1.35,0.924,,20.0,0.2234,main
1.35,0.924,,25.0,0.29787,main
1.35,0.924,,30.0,0.41489,main
1.35,0.924,,35.0,0.44149,main
1.35,0.924,,40.0,0.56383,main
1.35,0.924,,45.0,0.62234,main
1.35,0.924,,50.0,0.68617,main
1.35,0.924,,55.0,0.7234,main
1.35,0.924,,60.0,0.73936,main
1.35,0.924,,65.0,0.70745,main
1.35,0.924,,70.0,0.69681,main
1.35,0.924,,75.0,0.7234,main
1.35,0.924,,80.0,0.65957,main
1.35,0.924,,85.0,0.69681,main
1.35,0.924,,90.0,0.68617,main
1.35,0.924,,95.0,0.65957,main
1.35,0.924,,100.0,0.62766,main
1.35,0.924,,105.0,0.58511,main
1.35,0.924,,110.0,0.53191,main
1.35,0.924,,115.0,0.47872,main
1.35,0.924,,120.0,0.42553,main
1.35,0.924,,125.0,0.37234,main
1.35,0.924,,130.0,0.31383,main
1.35,0.924,,135.0,0.22872,main
1.35,0.924,,140.0,0.17553,main
1.35,0.924,,145.0,0.13298,main
1.35,0.924,,150.0,0.07979,main
1.35,0.924,,155.0,0.03723,main
1.35,0.924,,160.0,0.0266,main
1.35,0.924,,165.0,0.0266,main
1.35,0.924,,170.0,0.0266,main
1.35,0.924,,175.0,-0.03191,main
1.35,0.924,,180.0,-0.01064,main
