mach,reynolds_number_millions,facility,angle_of_attack_deg,pitching_moment_coefficient_apex,plot_segment
3.99,1.078,,-5,0.1044,main
3.99,1.078,,0,0.0019,main
3.99,1.078,,5,-0.0863,main
3.99,1.078,,10,-0.1746,main
3.99,1.078,,15,-0.2495,main
3.99,1.078,,20,-0.3245,main
3.99,1.078,,25,-0.3472,main
3.99,1.078,,30,-0.3700,main
3.99,1.078,,35,-0.3985,main
3.99,1.078,,40,-0.4269,main
3.99,1.078,,45,-0.4459,main
3.99,1.078,,50,-0.4649,main
3.99,1.078,,55,-0.4706,main
3.99,1.078,,60,-0.4763,main
3.99,1.078,,65,-0.4772,main
3.99,1.078,,70,-0.4782,main
3.99,1.078,,75,-0.4677,main
3.99,1.078,,80,-0.4573,main
3.99,1.078,,85,-0.4307,main
3.99,1.078,,90,-0.4042,main
3.99,1.078,,95,-0.3681,main
3.99,1.078,,100,-0.3321,main
3.99,1.078,,105,-0.2903,main
3.99,1.078,,110,-0.2486,main
3.99,1.078,,115,-0.2049,main
3.99,1.078,,120,-0.1613,main
3.99,1.078,,125,-0.1309,main
3.99,1.078,,130,-0.1006,main
3.99,1.078,,135,-0.0740,main
3.99,1.078,,140,-0.0474,main
3.99,1.078,,145,-0.0332,main
3.99,1.078,,150,-0.0190,main
3.99,1.078,,155,-0.0095,main
3.99,1.078,,160,0.0000,main
3.99,1.078,,165,-0.0009,main
3.99,1.078,,170,-0.0019,main
3.99,1.078,,175,-0.0032,main
3.99,1.078,,180,-0.0044,main
3.99,1.078,,185,-0.0057,main
5.0,0.764,,-5,0.1006,main
5.0,0.764,,0,0.0000,main
5.0,0.764,,5,-0.0844,main
5.0,0.764,,10,-0.1689,main
5.0,0.764,,15,-0.2495,main
5.0,0.764,,20,-0.3302,main
5.0,0.764,,25,-0.3729,main
5.0,0.764,,30,-0.4156,main
5.0,0.764,,35,-0.4298,main
5.0,0.764,,40,-0.4440,main
5.0,0.764,,45,-0.4554,main
5.0,0.764,,50,-0.4668,main
5.0,0.764,,55,-0.4696,main
5.0,0.764,,60,-0.4725,main
5.0,0.764,,65,-0.4715,main
5.0,0.764,,70,-0.4706,main
5.0,0.764,,75,-0.4592,main
5.0,0.764,,80,-0.4478,main
5.0,0.764,,85,-0.4231,main
5.0,0.764,,90,-0.3985,main
5.0,0.764,,95,-0.3605,main
5.0,0.764,,100,-0.3226,main
5.0,0.764,,105,-0.2827,main
5.0,0.764,,110,-0.2429,main
5.0,0.764,,115,-0.2040,main
5.0,0.764,,120,-0.1651,main
5.0,0.764,,125,-0.1319,main
5.0,0.764,,130,-0.0987,main
5.0,0.764,,135,-0.0769,main
5.0,0.764,,140,-0.0550,main
5.0,0.764,,145,-0.0351,main
5.0,0.764,,150,-0.0152,main
5.0,0.764,,155,-0.0085,main
5.0,0.764,,160,-0.0019,main
5.0,0.764,,165,-0.0028,main
5.0,0.764,,170,-0.0038,main
5.0,0.764,,175,-0.0047,main
5.0,0.764,,180,-0.0057,main
5.0,0.764,,185,-0.0057,main
5.0,0.764,,190,-0.0057,main
5.0,0.764,,195,-0.0057,main
5.0,0.764,,200,-0.0057,main
7.3,0.884,,-20,0.3435,main
7.3,0.884,,-15,0.2818,main
7.3,0.884,,-10,0.2201,main
7.3,0.884,,-5,0.1110,main
7.3,0.884,,0,0.0019,main
7.3,0.884,,5,-0.0873,main
7.3,0.884,,10,-0.1765,main
7.3,0.884,,15,-0.2400,main
7.3,0.884,,20,-0.3036,main
7.3,0.884,,25,-0.3548,main
7.3,0.884,,30,-0.4061,main
7.3,0.884,,35,-0.4336,main
7.3,0.884,,40,-0.4611,main
7.3,0.884,,45,-0.4763,main
7.3,0.884,,50,-0.4915,main
7.3,0.884,,55,-0.4943,main
7.3,0.884,,60,-0.4972,main
7.3,0.884,,65,-0.4972,main
7.3,0.884,,70,-0.4972,main
7.3,0.884,,75,-0.4810,main
7.3,0.884,,80,-0.4649,main
7.3,0.884,,85,-0.4298,main
7.3,0.884,,90,-0.3947,main
7.3,0.884,,95,-0.3539,main
7.3,0.884,,100,-0.3131,main
7.3,0.884,,105,-0.2657,main
7.3,0.884,,110,-0.2182,main
7.3,0.884,,115,-0.1765,main
7.3,0.884,,120,-0.1347,main
7.3,0.884,,125,-0.1139,main
7.3,0.884,,130,-0.0930,main
7.3,0.884,,135,-0.0721,main
7.3,0.884,,140,-0.0512,main
7.3,0.884,,145,-0.0370,main
7.3,0.884,,150,-0.0228,main
7.3,0.884,,155,-0.0123,main
7.3,0.884,,160,-0.0019,main
7.3,0.884,,165,-0.0024,main
7.3,0.884,,170,-0.0028,main
7.3,0.884,,175,-0.0033,main
7.3,0.884,,180,-0.0038,main
7.3,0.884,,185,-0.0043,main
7.3,0.884,,190,-0.0047,main
7.3,0.884,,195,-0.0052,main
7.3,0.884,,200,-0.0057,main
9.0,0.29,,-20,0.3321,main
9.0,0.29,,-15,0.2353,main
9.0,0.29,,-10,0.1385,main
9.0,0.29,,-5,0.0702,main
9.0,0.29,,0,0.0019,main
9.0,0.29,,5,-0.0892,main
9.0,0.29,,10,-0.1803,main
9.0,0.29,,15,-0.2391,main
9.0,0.29,,20,-0.2979,main
9.0,0.29,,25,-0.3529,main
9.0,0.29,,30,-0.4080,main
9.0,0.29,,35,-0.4260,main
9.0,0.29,,40,-0.4440,main
9.0,0.29,,45,-0.4592,main
9.0,0.29,,50,-0.4744,main
9.0,0.29,,55,-0.4829,main
9.0,0.29,,60,-0.4915,main
9.0,0.29,,65,-0.4915,main
9.0,0.29,,70,-0.4915,main
9.0,0.29,,75,-0.4753,main
9.0,0.29,,80,-0.4592,main
9.0,0.29,,85,-0.4345,main
9.0,0.29,,90,-0.4099,main
9.0,0.29,,95,-0.3653,main
9.0,0.29,,100,-0.3207,main
9.0,0.29,,105,-0.2704,main
9.0,0.29,,110,-0.2201,main
9.0,0.29,,115,-0.1746,main
9.0,0.29,,120,-0.1290,main
9.0,0.29,,125,-0.1053,main
9.0,0.29,,130,-0.0816,main
9.0,0.29,,135,-0.0607,main
9.0,0.29,,140,-0.0398,main
9.0,0.29,,145,-0.0275,main
9.0,0.29,,150,-0.0152,main
9.0,0.29,,155,-0.0085,main
9.0,0.29,,160,-0.0019,main
9.0,0.29,,165,-0.0019,main
9.0,0.29,,170,-0.0019,main
9.0,0.29,,175,-0.0019,main
9.0,0.29,,180,-0.0019,main
9.0,0.29,,185,-0.0024,main
9.0,0.29,,190,-0.0028,main
9.0,0.29,,195,-0.0033,main
9.0,0.29,,200,-0.0038,main
